"id","type","description","url","file","ok","skipped"
"1","data","Force Displacement Data","http://depts.washington.edu/columdat/rectcol/txfiles/gill79s1.txt","force_displacement_data\001_gill79s1.txt","true","true"
"2","data","Force Displacement Data","http://depts.washington.edu/columdat/rectcol/txfiles/gill79s2.txt","force_displacement_data\002_gill79s2.txt","true","true"
"3","data","Force Displacement Data","http://depts.washington.edu/columdat/rectcol/txfiles/gill79s3.txt","force_displacement_data\003_gill79s3.txt","true","true"
"4","data","Force Displacement Data","http://depts.washington.edu/columdat/rectcol/txfiles/gill79s4.txt","force_displacement_data\004_gill79s4.txt","true","true"
"5","data","Force Displacement Data","http://depts.washington.edu/columdat/rectcol/txfiles/ang81u3.txt","force_displacement_data\005_ang81u3.txt","true","true"
"6","data","Force Displacement Data","http://depts.washington.edu/columdat/rectcol/txfiles/ang81u4.txt","force_displacement_data\006_ang81u4.txt","true","true"
"7","data","Force Displacement Data","http://depts.washington.edu/columdat/rectcol/txfiles/soes86u1.txt","force_displacement_data\007_soes86u1.txt","true","true"
"8","data","Force Displacement Data","http://depts.washington.edu/columdat/rectcol/txfiles/soes86u2.txt","force_displacement_data\008_soes86u2.txt","true","true"
"9","data","Force Displacement Data","http://depts.washington.edu/columdat/rectcol/txfiles/soes86u3.txt","force_displacement_data\009_soes86u3.txt","true","true"
"10","data","Force Displacement Data","http://depts.washington.edu/columdat/rectcol/txfiles/soes86u4.txt","force_displacement_data\010_soes86u4.txt","true","true"
"11","data","Force Displacement Data","http://depts.washington.edu/columdat/rectcol/txfiles/zahn86u7.txt","force_displacement_data\011_zahn86u7.txt","true","true"
"12","data","Force Displacement Data","http://depts.washington.edu/columdat/rectcol/txfiles/zahn86u8.txt","force_displacement_data\012_zahn86u8.txt","true","true"
"13","data","Force Displacement Data","http://depts.washington.edu/columdat/rectcol/txfiles/wat89u5.txt","force_displacement_data\013_wat89u5.txt","true","true"
"14","data","Force Displacement Data","http://depts.washington.edu/columdat/rectcol/txfiles/wat89u6.txt","force_displacement_data\014_wat89u6.txt","true","true"
"15","data","Force Displacement Data","http://depts.washington.edu/columdat/rectcol/txfiles/wat89u7.txt","force_displacement_data\015_wat89u7.txt","true","true"
"16","data","Force Displacement Data","http://depts.washington.edu/columdat/rectcol/txfiles/wat89u8.txt","force_displacement_data\016_wat89u8.txt","true","true"
"17","data","Force Displacement Data","http://depts.washington.edu/columdat/rectcol/txfiles/wat89u9.txt","force_displacement_data\017_wat89u9.txt","true","true"
"18","data","Force Displacement Data","http://depts.washington.edu/columdat/rectcol/txfiles/tana90u1.txt","force_displacement_data\018_tana90u1.txt","true","true"
"19","data","Force Displacement Data","http://depts.washington.edu/columdat/rectcol/txfiles/tana90u2.txt","force_displacement_data\019_tana90u2.txt","true","true"
"20","data","Force Displacement Data","http://depts.washington.edu/columdat/rectcol/txfiles/tana90u3.txt","force_displacement_data\020_tana90u3.txt","true","true"
"21","data","Force Displacement Data","http://depts.washington.edu/columdat/rectcol/txfiles/tana90u4.txt","force_displacement_data\021_tana90u4.txt","true","true"
"22","data","Force Displacement Data","http://depts.washington.edu/columdat/rectcol/txfiles/tana90u5.txt","force_displacement_data\022_tana90u5.txt","true","true"
"23","data","Force Displacement Data","http://depts.washington.edu/columdat/rectcol/txfiles/tana90u6.txt","force_displacement_data\023_tana90u6.txt","true","true"
"24","data","Force Displacement Data","http://depts.washington.edu/columdat/rectcol/txfiles/tana90u7.txt","force_displacement_data\024_tana90u7.txt","true","true"
"25","data","Force Displacement Data","http://depts.washington.edu/columdat/rectcol/txfiles/tana90u8.txt","force_displacement_data\025_tana90u8.txt","true","true"
"26","data","Force Displacement Data","http://depts.washington.edu/columdat/rectcol/txfiles/tana90u9.txt","force_displacement_data\026_tana90u9.txt","true","true"
"27","data","Force Displacement Data","http://depts.washington.edu/columdat/rectcol/txfiles/ara82102.txt","force_displacement_data\027_ara82102.txt","true","true"
"28","data","Force Displacement Data","http://depts.washington.edu/columdat/rectcol/txfiles/nag1063.txt","force_displacement_data\028_nag1063.txt","true","true"
"29","data","Force Displacement Data","http://depts.washington.edu/columdat/rectcol/txfiles/nag1932.txt","force_displacement_data\029_nag1932.txt","true","true"
"30","data","Force Displacement Data","http://depts.washington.edu/columdat/rectcol/txfiles/ohno84l1.txt","force_displacement_data\030_ohno84l1.txt","true","true"
"31","data","Force Displacement Data","http://depts.washington.edu/columdat/rectcol/txfiles/ohno84l2.txt","force_displacement_data\031_ohno84l2.txt","true","true"
"32","data","Force Displacement Data","http://depts.washington.edu/columdat/rectcol/txfiles/ohno84l3.txt","force_displacement_data\032_ohno84l3.txt","true","true"
"33","data","Force Displacement Data","http://depts.washington.edu/columdat/rectcol/txfiles/oh2d16rs.txt","force_displacement_data\033_oh2d16rs.txt","true","true"
"34","data","Force Displacement Data","http://depts.washington.edu/columdat/rectcol/txfiles/oh4d13rs.txt","force_displacement_data\034_oh4d13rs.txt","true","false"
"35","data","Force Displacement Data","http://depts.washington.edu/columdat/rectcol/txfiles/zho806.txt","force_displacement_data\035_zho806.txt","true","false"
"36","data","Force Displacement Data","http://depts.washington.edu/columdat/rectcol/txfiles/zho1007.txt","force_displacement_data\036_zho1007.txt","true","false"
"37","data","Force Displacement Data","http://depts.washington.edu/columdat/rectcol/txfiles/zho1309.txt","force_displacement_data\037_zho1309.txt","true","false"
"38","data","Force Displacement Data","http://depts.washington.edu/columdat/rectcol/txfiles/imai86.txt","force_displacement_data\038_imai86.txt","true","false"
"39","data","Force Displacement Data","http://depts.washington.edu/columdat/rectcol/txfiles/zho10408.txt","force_displacement_data\039_zho10408.txt","true","false"
"40","data","Force Displacement Data","http://depts.washington.edu/columdat/rectcol/txfiles/zho11408.txt","force_displacement_data\040_zho11408.txt","true","false"
"41","data","Force Displacement Data","http://depts.washington.edu/columdat/rectcol/txfiles/zho12408.txt","force_displacement_data\041_zho12408.txt","true","false"
"42","data","Force Displacement Data","http://depts.washington.edu/columdat/rectcol/txfiles/zho20408.txt","force_displacement_data\042_zho20408.txt","true","false"
"43","data","Force Displacement Data","http://depts.washington.edu/columdat/rectcol/txfiles/zho21408.txt","force_displacement_data\043_zho21408.txt","true","false"
"44","data","Force Displacement Data","http://depts.washington.edu/columdat/rectcol/txfiles/zho22309.txt","force_displacement_data\044_zho22309.txt","true","false"
"45","data","Force Displacement Data","http://depts.washington.edu/columdat/rectcol/txfiles/zho30207.txt","force_displacement_data\045_zho30207.txt","true","false"
"46","data","Force Displacement Data","http://depts.washington.edu/columdat/rectcol/txfiles/zho31207.txt","force_displacement_data\046_zho31207.txt","true","false"
"47","data","Force Displacement Data","http://depts.washington.edu/columdat/rectcol/txfiles/zho32207.txt","force_displacement_data\047_zho32207.txt","true","false"
"48","data","Force Displacement Data","http://depts.washington.edu/columdat/rectcol/txfiles/kanstc1.txt","force_displacement_data\048_kanstc1.txt","true","false"
"49","data","Force Displacement Data","http://depts.washington.edu/columdat/rectcol/txfiles/kanstc2.txt","force_displacement_data\049_kanstc2.txt","true","false"
"50","data","Force Displacement Data","http://depts.washington.edu/columdat/rectcol/txfiles/kanstc3.txt","force_displacement_data\050_kanstc3.txt","true","false"
"51","data","Force Displacement Data","http://depts.washington.edu/columdat/rectcol/txfiles/kanpdc1.txt","force_displacement_data\051_kanpdc1.txt","true","false"
"52","data","Force Displacement Data","http://depts.washington.edu/columdat/rectcol/txfiles/kanpdc2.txt","force_displacement_data\052_kanpdc2.txt","true","false"
"53","data","Force Displacement Data","http://depts.washington.edu/columdat/rectcol/txfiles/kanpdc3.txt","force_displacement_data\053_kanpdc3.txt","true","false"
"54","data","Force Displacement Data","http://depts.washington.edu/columdat/rectcol/txfiles/ara89oa2.txt","force_displacement_data\054_ara89oa2.txt","true","false"
"55","data","Force Displacement Data","http://depts.washington.edu/columdat/rectcol/txfiles/ara89oa5.txt","force_displacement_data\055_ara89oa5.txt","true","false"
"56","data","Force Displacement Data","http://depts.washington.edu/columdat/rectcol/txfiles/mug89al1.txt","force_displacement_data\056_mug89al1.txt","true","false"
"57","data","Force Displacement Data","http://depts.washington.edu/columdat/rectcol/txfiles/mug89ah1.txt","force_displacement_data\057_mug89ah1.txt","true","false"
"58","data","Force Displacement Data","http://depts.washington.edu/columdat/rectcol/txfiles/mug89al2.txt","force_displacement_data\058_mug89al2.txt","true","false"
"59","data","Force Displacement Data","http://depts.washington.edu/columdat/rectcol/txfiles/mug89ah2.txt","force_displacement_data\059_mug89ah2.txt","true","false"
"60","data","Force Displacement Data","http://depts.washington.edu/columdat/rectcol/txfiles/mug89bl1.txt","force_displacement_data\060_mug89bl1.txt","true","false"
"61","data","Force Displacement Data","http://depts.washington.edu/columdat/rectcol/txfiles/mug89bh1.txt","force_displacement_data\061_mug89bh1.txt","true","false"
"62","data","Force Displacement Data","http://depts.washington.edu/columdat/rectcol/txfiles/mug89bl2.txt","force_displacement_data\062_mug89bl2.txt","true","false"
"63","data","Force Displacement Data","http://depts.washington.edu/columdat/rectcol/txfiles/mug89bh2.txt","force_displacement_data\063_mug89bh2.txt","true","false"
"64","data","Force Displacement Data","http://depts.washington.edu/columdat/rectcol/txfiles/ono025c.txt","force_displacement_data\064_ono025c.txt","true","false"
"65","data","Force Displacement Data","http://depts.washington.edu/columdat/rectcol/txfiles/ono060c.txt","force_displacement_data\065_ono060c.txt","true","false"
"66","data","Force Displacement Data","http://depts.washington.edu/columdat/rectcol/txfiles/sak90b1.txt","force_displacement_data\066_sak90b1.txt","true","false"
"67","data","Force Displacement Data","http://depts.washington.edu/columdat/rectcol/txfiles/sak90b2.txt","force_displacement_data\067_sak90b2.txt","true","false"
"68","data","Force Displacement Data","http://depts.washington.edu/columdat/rectcol/txfiles/sak90b3.txt","force_displacement_data\068_sak90b3.txt","true","false"
"69","data","Force Displacement Data","http://depts.washington.edu/columdat/rectcol/txfiles/sak90b4.txt","force_displacement_data\069_sak90b4.txt","true","false"
"70","data","Force Displacement Data","http://depts.washington.edu/columdat/rectcol/txfiles/sak90b5.txt","force_displacement_data\070_sak90b5.txt","true","false"
"71","data","Force Displacement Data","http://depts.washington.edu/columdat/rectcol/txfiles/sak90b6.txt","force_displacement_data\071_sak90b6.txt","true","false"
"72","data","Force Displacement Data","http://depts.washington.edu/columdat/rectcol/txfiles/sak90b7.txt","force_displacement_data\072_sak90b7.txt","true","false"
"73","data","Force Displacement Data","http://depts.washington.edu/columdat/rectcol/txfiles/amcb060c.txt","force_displacement_data\073_amcb060c.txt","true","false"
"74","data","Force Displacement Data","http://depts.washington.edu/columdat/rectcol/txfiles/ws033ae.txt","force_displacement_data\074_ws033ae.txt","true","false"
"75","data","Force Displacement Data","http://depts.washington.edu/columdat/rectcol/txfiles/ws033aw.txt","force_displacement_data\075_ws033aw.txt","true","false"
"76","data","Force Displacement Data","http://depts.washington.edu/columdat/rectcol/txfiles/ws048e.txt","force_displacement_data\076_ws048e.txt","true","false"
"77","data","Force Displacement Data","http://depts.washington.edu/columdat/rectcol/txfiles/ws048w.txt","force_displacement_data\077_ws048w.txt","true","false"
"78","data","Force Displacement Data","http://depts.washington.edu/columdat/rectcol/txfiles/ws033e.txt","force_displacement_data\078_ws033e.txt","true","false"
"79","data","Force Displacement Data","http://depts.washington.edu/columdat/rectcol/txfiles/ws033w.txt","force_displacement_data\079_ws033w.txt","true","false"
"80","data","Force Displacement Data","http://depts.washington.edu/columdat/rectcol/txfiles/ws25033e.txt","force_displacement_data\080_ws25033e.txt","true","false"
"81","data","Force Displacement Data","http://depts.washington.edu/columdat/rectcol/txfiles/ws25033w.txt","force_displacement_data\081_ws25033w.txt","true","false"
"82","data","Force Displacement Data","http://depts.washington.edu/columdat/rectcol/txfiles/ws067e.txt","force_displacement_data\082_ws067e.txt","true","false"
"83","data","Force Displacement Data","http://depts.washington.edu/columdat/rectcol/txfiles/ws067w.txt","force_displacement_data\083_ws067w.txt","true","false"
"84","data","Force Displacement Data","http://depts.washington.edu/columdat/rectcol/txfiles/ws147e.txt","force_displacement_data\084_ws147e.txt","true","false"
"85","data","Force Displacement Data","http://depts.washington.edu/columdat/rectcol/txfiles/ws147w.txt","force_displacement_data\085_ws147w.txt","true","false"
"86","data","Force Displacement Data","http://depts.washington.edu/columdat/rectcol/txfiles/ws092e.txt","force_displacement_data\086_ws092e.txt","true","false"
"87","data","Force Displacement Data","http://depts.washington.edu/columdat/rectcol/txfiles/ws092w.txt","force_displacement_data\087_ws092w.txt","true","false"
"88","data","Force Displacement Data","http://depts.washington.edu/columdat/rectcol/txfiles/at75n1s1.txt","force_displacement_data\088_at75n1s1.txt","true","false"
"89","data","Force Displacement Data","http://depts.washington.edu/columdat/rectcol/txfiles/at75n2s1.txt","force_displacement_data\089_at75n2s1.txt","true","false"
"90","data","Force Displacement Data","http://depts.washington.edu/columdat/rectcol/txfiles/at75n3s1.txt","force_displacement_data\090_at75n3s1.txt","true","false"
"91","data","Force Displacement Data","http://depts.washington.edu/columdat/rectcol/txfiles/at75n4s1.txt","force_displacement_data\091_at75n4s1.txt","true","false"
"92","data","Force Displacement Data","http://depts.washington.edu/columdat/rectcol/txfiles/at75n5s1.txt","force_displacement_data\092_at75n5s1.txt","true","false"
"93","data","Force Displacement Data","http://depts.washington.edu/columdat/rectcol/txfiles/at75n6s1.txt","force_displacement_data\093_at75n6s1.txt","true","false"
"94","data","Force Displacement Data","http://depts.washington.edu/columdat/rectcol/txfiles/at75n9.txt","force_displacement_data\094_at75n9.txt","true","false"
"95","data","Force Displacement Data","http://depts.washington.edu/columdat/rectcol/txfiles/at75n10.txt","force_displacement_data\095_at75n10.txt","true","false"
"96","data","Force Displacement Data","http://depts.washington.edu/columdat/rectcol/txfiles/at75n11.txt","force_displacement_data\096_at75n11.txt","true","false"
"97","data","Force Displacement Data","http://depts.washington.edu/columdat/rectcol/txfiles/at75n12.txt","force_displacement_data\097_at75n12.txt","true","false"
"98","data","Force Displacement Data","http://depts.washington.edu/columdat/rectcol/txfiles/umecus.txt","force_displacement_data\098_umecus.txt","true","false"
"99","data","Force Displacement Data","http://depts.washington.edu/columdat/rectcol/txfiles/umecuw.txt","force_displacement_data\099_umecuw.txt","true","false"
"100","data","Force Displacement Data","http://depts.washington.edu/columdat/rectcol/txfiles/ume2cus.txt","force_displacement_data\100_ume2cus.txt","true","false"
"101","data","Force Displacement Data","http://depts.washington.edu/columdat/rectcol/txfiles/bettno11.txt","force_displacement_data\101_bettno11.txt","true","false"
"102","data","Force Displacement Data","http://depts.washington.edu/columdat/rectcol/txfiles/azi88nc2.txt","force_displacement_data\102_azi88nc2.txt","true","false"
"103","data","Force Displacement Data","http://depts.washington.edu/columdat/rectcol/txfiles/azi88nc4.txt","force_displacement_data\103_azi88nc4.txt","true","false"
"104","data","Force Displacement Data","http://depts.washington.edu/columdat/rectcol/txfiles/saatu1.txt","force_displacement_data\104_saatu1.txt","true","false"
"105","data","Force Displacement Data","http://depts.washington.edu/columdat/rectcol/txfiles/saatu3.txt","force_displacement_data\105_saatu3.txt","true","false"
"106","data","Force Displacement Data","http://depts.washington.edu/columdat/rectcol/txfiles/saatu4.txt","force_displacement_data\106_saatu4.txt","true","false"
"107","data","Force Displacement Data","http://depts.washington.edu/columdat/rectcol/txfiles/saatu6.txt","force_displacement_data\107_saatu6.txt","true","false"
"108","data","Force Displacement Data","http://depts.washington.edu/columdat/rectcol/txfiles/saatu7.txt","force_displacement_data\108_saatu7.txt","true","false"
"109","data","Force Displacement Data","http://depts.washington.edu/columdat/rectcol/txfiles/gal96aa1.txt","force_displacement_data\109_gal96aa1.txt","true","false"
"110","data","Force Displacement Data","http://depts.washington.edu/columdat/rectcol/txfiles/gal96aa2.txt","force_displacement_data\110_gal96aa2.txt","true","false"
"111","data","Force Displacement Data","http://depts.washington.edu/columdat/rectcol/txfiles/gal96aa3.txt","force_displacement_data\111_gal96aa3.txt","true","false"
"112","data","Force Displacement Data","http://depts.washington.edu/columdat/rectcol/txfiles/gal96aa4.txt","force_displacement_data\112_gal96aa4.txt","true","false"
"113","data","Force Displacement Data","http://depts.washington.edu/columdat/rectcol/txfiles/gal96ba1.txt","force_displacement_data\113_gal96ba1.txt","true","false"
"114","data","Force Displacement Data","http://depts.washington.edu/columdat/rectcol/txfiles/gal96ba2.txt","force_displacement_data\114_gal96ba2.txt","true","false"
"115","data","Force Displacement Data","http://depts.washington.edu/columdat/rectcol/txfiles/gal96ba3.txt","force_displacement_data\115_gal96ba3.txt","true","false"
"116","data","Force Displacement Data","http://depts.washington.edu/columdat/rectcol/txfiles/gal96ba4.txt","force_displacement_data\116_gal96ba4.txt","true","false"
"117","data","Force Displacement Data","http://depts.washington.edu/columdat/rectcol/txfiles/gal96ca1.txt","force_displacement_data\117_gal96ca1.txt","true","false"
"118","data","Force Displacement Data","http://depts.washington.edu/columdat/rectcol/txfiles/gal96ca2.txt","force_displacement_data\118_gal96ca2.txt","true","false"
"119","data","Force Displacement Data","http://depts.washington.edu/columdat/rectcol/txfiles/gal96ca3.txt","force_displacement_data\119_gal96ca3.txt","true","false"
"120","data","Force Displacement Data","http://depts.washington.edu/columdat/rectcol/txfiles/gal96ca4.txt","force_displacement_data\120_gal96ca4.txt","true","false"
"121","data","Force Displacement Data","http://depts.washington.edu/columdat/rectcol/txfiles/gal96ab1.txt","force_displacement_data\121_gal96ab1.txt","true","false"
"122","data","Force Displacement Data","http://depts.washington.edu/columdat/rectcol/txfiles/gal96ab2.txt","force_displacement_data\122_gal96ab2.txt","true","false"
"123","data","Force Displacement Data","http://depts.washington.edu/columdat/rectcol/txfiles/gal96ab3.txt","force_displacement_data\123_gal96ab3.txt","true","false"
"124","data","Force Displacement Data","http://depts.washington.edu/columdat/rectcol/txfiles/gal96ab4.txt","force_displacement_data\124_gal96ab4.txt","true","false"
"125","data","Force Displacement Data","http://depts.washington.edu/columdat/rectcol/txfiles/gal96bb1.txt","force_displacement_data\125_gal96bb1.txt","true","false"
"126","data","Force Displacement Data","http://depts.washington.edu/columdat/rectcol/txfiles/gal96bb2.txt","force_displacement_data\126_gal96bb2.txt","true","false"
"127","data","Force Displacement Data","http://depts.washington.edu/columdat/rectcol/txfiles/gal96bb4.txt","force_displacement_data\127_gal96bb4.txt","true","false"
"128","data","Force Displacement Data","http://depts.washington.edu/columdat/rectcol/txfiles/gal96bb4b.txt","force_displacement_data\128_gal96bb4b.txt","true","false"
"129","data","Force Displacement Data","http://depts.washington.edu/columdat/rectcol/txfiles/gal96cb1.txt","force_displacement_data\129_gal96cb1.txt","true","false"
"130","data","Force Displacement Data","http://depts.washington.edu/columdat/rectcol/txfiles/gal96cb2.txt","force_displacement_data\130_gal96cb2.txt","true","false"
"131","data","Force Displacement Data","http://depts.washington.edu/columdat/rectcol/txfiles/gal96cb3.txt","force_displacement_data\131_gal96cb3.txt","true","false"
"132","data","Force Displacement Data","http://depts.washington.edu/columdat/rectcol/txfiles/gal96cb4.txt","force_displacement_data\132_gal96cb4.txt","true","false"
"133","data","Force Displacement Data","http://depts.washington.edu/columdat/rectcol/txfiles/wehb98a1.txt","force_displacement_data\133_wehb98a1.txt","true","false"
"134","data","Force Displacement Data","http://depts.washington.edu/columdat/rectcol/txfiles/wehb98a2.txt","force_displacement_data\134_wehb98a2.txt","true","false"
"135","data","Force Displacement Data","http://depts.washington.edu/columdat/rectcol/txfiles/wehb98b1.txt","force_displacement_data\135_wehb98b1.txt","true","false"
"136","data","Force Displacement Data","http://depts.washington.edu/columdat/rectcol/txfiles/wehb98b2.txt","force_displacement_data\136_wehb98b2.txt","true","false"
"137","data","Force Displacement Data","http://depts.washington.edu/columdat/rectcol/txfiles/ly3clh18.txt","force_displacement_data\137_ly3clh18.txt","true","false"
"138","data","Force Displacement Data","http://depts.washington.edu/columdat/rectcol/txfiles/ly2clh18.txt","force_displacement_data\138_ly2clh18.txt","true","false"
"139","data","Force Displacement Data","http://depts.washington.edu/columdat/rectcol/txfiles/ly2cmh18.txt","force_displacement_data\139_ly2cmh18.txt","true","false"
"140","data","Force Displacement Data","http://depts.washington.edu/columdat/rectcol/txfiles/ly3cmh18.txt","force_displacement_data\140_ly3cmh18.txt","true","false"
"141","data","Force Displacement Data","http://depts.washington.edu/columdat/rectcol/txfiles/ly3cmd12.txt","force_displacement_data\141_ly3cmd12.txt","true","false"
"142","data","Force Displacement Data","http://depts.washington.edu/columdat/rectcol/txfiles/ly3slh18.txt","force_displacement_data\142_ly3slh18.txt","true","false"
"143","data","Force Displacement Data","http://depts.washington.edu/columdat/rectcol/txfiles/ly2slh18.txt","force_displacement_data\143_ly2slh18.txt","true","false"
"144","data","Force Displacement Data","http://depts.washington.edu/columdat/rectcol/txfiles/ly3smd12.txt","force_displacement_data\144_ly3smd12.txt","true","false"
"145","data","Force Displacement Data","http://depts.washington.edu/columdat/rectcol/txfiles/x8191010.txt","force_displacement_data\145_x8191010.txt","true","false"
"146","data","Force Displacement Data","http://depts.washington.edu/columdat/rectcol/txfiles/x8191020.txt","force_displacement_data\146_x8191020.txt","true","false"
"147","data","Force Displacement Data","http://depts.washington.edu/columdat/rectcol/txfiles/x8161010.txt","force_displacement_data\147_x8161010.txt","true","false"
"148","data","Force Displacement Data","http://depts.washington.edu/columdat/rectcol/txfiles/x8161020.txt","force_displacement_data\148_x8161020.txt","true","false"
"149","data","Force Displacement Data","http://depts.washington.edu/columdat/rectcol/txfiles/x816610.txt","force_displacement_data\149_x816610.txt","true","false"
"150","data","Force Displacement Data","http://depts.washington.edu/columdat/rectcol/txfiles/x816620.txt","force_displacement_data\150_x816620.txt","true","false"
"151","data","Force Displacement Data","http://depts.washington.edu/columdat/rectcol/txfiles/suguc10h.txt","force_displacement_data\151_suguc10h.txt","true","false"
"152","data","Force Displacement Data","http://depts.washington.edu/columdat/rectcol/txfiles/suguc15h.txt","force_displacement_data\152_suguc15h.txt","true","false"
"153","data","Force Displacement Data","http://depts.washington.edu/columdat/rectcol/txfiles/suguc20h.txt","force_displacement_data\153_suguc20h.txt","true","false"
"154","data","Force Displacement Data","http://depts.washington.edu/columdat/rectcol/txfiles/suguc15l.txt","force_displacement_data\154_suguc15l.txt","true","false"
"155","data","Force Displacement Data","http://depts.washington.edu/columdat/rectcol/txfiles/suguc20l.txt","force_displacement_data\155_suguc20l.txt","true","false"
"156","data","Force Displacement Data","http://depts.washington.edu/columdat/rectcol/txfiles/nosh96n1.txt","force_displacement_data\156_nosh96n1.txt","true","false"
"157","data","Force Displacement Data","http://depts.washington.edu/columdat/rectcol/txfiles/shkes1ht.txt","force_displacement_data\157_shkes1ht.txt","true","false"
"158","data","Force Displacement Data","http://depts.washington.edu/columdat/rectcol/txfiles/shkas2ht.txt","force_displacement_data\158_shkas2ht.txt","true","false"
"159","data","Force Displacement Data","http://depts.washington.edu/columdat/rectcol/txfiles/shkas3ht.txt","force_displacement_data\159_shkas3ht.txt","true","false"
"160","data","Force Displacement Data","http://depts.washington.edu/columdat/rectcol/txfiles/shkas4ht.txt","force_displacement_data\160_shkas4ht.txt","true","false"
"161","data","Force Displacement Data","http://depts.washington.edu/columdat/rectcol/txfiles/shkas5ht.txt","force_displacement_data\161_shkas5ht.txt","true","false"
"162","data","Force Displacement Data","http://depts.washington.edu/columdat/rectcol/txfiles/shkas6ht.txt","force_displacement_data\162_shkas6ht.txt","true","false"
"163","data","Force Displacement Data","http://depts.washington.edu/columdat/rectcol/txfiles/shkas7ht.txt","force_displacement_data\163_shkas7ht.txt","true","false"
"164","data","Force Displacement Data","http://depts.washington.edu/columdat/rectcol/txfiles/shkes8ht.txt","force_displacement_data\164_shkes8ht.txt","true","false"
"165","data","Force Displacement Data","http://depts.washington.edu/columdat/rectcol/txfiles/saatbg1.txt","force_displacement_data\165_saatbg1.txt","true","false"
"166","data","Force Displacement Data","http://depts.washington.edu/columdat/rectcol/txfiles/saatbg2.txt","force_displacement_data\166_saatbg2.txt","true","false"
"167","data","Force Displacement Data","http://depts.washington.edu/columdat/rectcol/txfiles/saatbg3.txt","force_displacement_data\167_saatbg3.txt","true","false"
"168","data","Force Displacement Data","http://depts.washington.edu/columdat/rectcol/txfiles/saatbg4.txt","force_displacement_data\168_saatbg4.txt","true","false"
"169","data","Force Displacement Data","http://depts.washington.edu/columdat/rectcol/txfiles/saatbg5.txt","force_displacement_data\169_saatbg5.txt","true","false"
"170","data","Force Displacement Data","http://depts.washington.edu/columdat/rectcol/txfiles/saatbg6.txt","force_displacement_data\170_saatbg6.txt","true","false"
"171","data","Force Displacement Data","http://depts.washington.edu/columdat/rectcol/txfiles/saatbg7.txt","force_displacement_data\171_saatbg7.txt","true","false"
"172","data","Force Displacement Data","http://depts.washington.edu/columdat/rectcol/txfiles/saatbg8.txt","force_displacement_data\172_saatbg8.txt","true","false"
"173","data","Force Displacement Data","http://depts.washington.edu/columdat/rectcol/txfiles/saatbg9.txt","force_displacement_data\173_saatbg9.txt","true","false"
"174","data","Force Displacement Data","http://depts.washington.edu/columdat/rectcol/txfiles/saatbg10.txt","force_displacement_data\174_saatbg10.txt","true","false"
"175","data","Force Displacement Data","http://depts.washington.edu/columdat/rectcol/txfiles/mat1005n.txt","force_displacement_data\175_mat1005n.txt","true","false"
"176","data","Force Displacement Data","http://depts.washington.edu/columdat/rectcol/txfiles/mat1005s.txt","force_displacement_data\176_mat1005s.txt","true","false"
"177","data","Force Displacement Data","http://depts.washington.edu/columdat/rectcol/txfiles/mat1010n.txt","force_displacement_data\177_mat1010n.txt","true","false"
"178","data","Force Displacement Data","http://depts.washington.edu/columdat/rectcol/txfiles/mat1010s.txt","force_displacement_data\178_mat1010s.txt","true","false"
"179","data","Force Displacement Data","http://depts.washington.edu/columdat/rectcol/txfiles/mat1020n.txt","force_displacement_data\179_mat1020n.txt","true","false"
"180","data","Force Displacement Data","http://depts.washington.edu/columdat/rectcol/txfiles/mat1020s.txt","force_displacement_data\180_mat1020s.txt","true","false"
"181","data","Force Displacement Data","http://depts.washington.edu/columdat/rectcol/txfiles/mat500n.txt","force_displacement_data\181_mat500n.txt","true","false"
"182","data","Force Displacement Data","http://depts.washington.edu/columdat/rectcol/txfiles/mat500s.txt","force_displacement_data\182_mat500s.txt","true","false"
"183","data","Force Displacement Data","http://depts.washington.edu/columdat/rectcol/txfiles/mat520n.txt","force_displacement_data\183_mat520n.txt","true","false"
"184","data","Force Displacement Data","http://depts.washington.edu/columdat/rectcol/txfiles/mat520s.txt","force_displacement_data\184_mat520s.txt","true","false"
"185","data","Force Displacement Data","http://depts.washington.edu/columdat/rectcol/txfiles/mat540n.txt","force_displacement_data\185_mat540n.txt","true","false"
"186","data","Force Displacement Data","http://depts.washington.edu/columdat/rectcol/txfiles/mat540s.txt","force_displacement_data\186_mat540s.txt","true","false"
"187","data","Force Displacement Data","http://depts.washington.edu/columdat/rectcol/txfiles/moc11.txt","force_displacement_data\187_moc11.txt","true","false"
"188","data","Force Displacement Data","http://depts.washington.edu/columdat/rectcol/txfiles/moc12.txt","force_displacement_data\188_moc12.txt","true","false"
"189","data","Force Displacement Data","http://depts.washington.edu/columdat/rectcol/txfiles/moc13.txt","force_displacement_data\189_moc13.txt","true","false"
"190","data","Force Displacement Data","http://depts.washington.edu/columdat/rectcol/txfiles/moc21.txt","force_displacement_data\190_moc21.txt","true","false"
"191","data","Force Displacement Data","http://depts.washington.edu/columdat/rectcol/txfiles/moc22.txt","force_displacement_data\191_moc22.txt","true","false"
"192","data","Force Displacement Data","http://depts.washington.edu/columdat/rectcol/txfiles/moc23.txt","force_displacement_data\192_moc23.txt","true","false"
"193","data","Force Displacement Data","http://depts.washington.edu/columdat/rectcol/txfiles/moc31.txt","force_displacement_data\193_moc31.txt","true","false"
"194","data","Force Displacement Data","http://depts.washington.edu/columdat/rectcol/txfiles/moc32.txt","force_displacement_data\194_moc32.txt","true","false"
"195","data","Force Displacement Data","http://depts.washington.edu/columdat/rectcol/txfiles/moc33.txt","force_displacement_data\195_moc33.txt","true","false"
"196","data","Force Displacement Data","http://depts.washington.edu/columdat/rectcol/txfiles/abouorc1.txt","force_displacement_data\196_abouorc1.txt","true","false"
"197","data","Force Displacement Data","http://depts.washington.edu/columdat/rectcol/txfiles/abouorc2.txt","force_displacement_data\197_abouorc2.txt","true","false"
"198","data","Force Displacement Data","http://depts.washington.edu/columdat/rectcol/txfiles/abouorc3.txt","force_displacement_data\198_abouorc3.txt","true","false"
"199","data","Force Displacement Data","http://depts.washington.edu/columdat/rectcol/txfiles/abousc3.txt","force_displacement_data\199_abousc3.txt","true","false"
"200","data","Force Displacement Data","http://depts.washington.edu/columdat/rectcol/txfiles/abousc9.txt","force_displacement_data\200_abousc9.txt","true","false"
"201","data","Force Displacement Data","http://depts.washington.edu/columdat/rectcol/txfiles/thom94a1.txt","force_displacement_data\201_thom94a1.txt","true","false"
"202","data","Force Displacement Data","http://depts.washington.edu/columdat/rectcol/txfiles/thom94a3.txt","force_displacement_data\202_thom94a3.txt","true","false"
"203","data","Force Displacement Data","http://depts.washington.edu/columdat/rectcol/txfiles/thom94b1.txt","force_displacement_data\203_thom94b1.txt","true","false"
"204","data","Force Displacement Data","http://depts.washington.edu/columdat/rectcol/txfiles/thom94b2.txt","force_displacement_data\204_thom94b2.txt","true","false"
"205","data","Force Displacement Data","http://depts.washington.edu/columdat/rectcol/txfiles/thom94b3.txt","force_displacement_data\205_thom94b3.txt","true","false"
"206","data","Force Displacement Data","http://depts.washington.edu/columdat/rectcol/txfiles/thom94c1.txt","force_displacement_data\206_thom94c1.txt","true","false"
"207","data","Force Displacement Data","http://depts.washington.edu/columdat/rectcol/txfiles/thom94c2.txt","force_displacement_data\207_thom94c2.txt","true","false"
"208","data","Force Displacement Data","http://depts.washington.edu/columdat/rectcol/txfiles/thom94c3.txt","force_displacement_data\208_thom94c3.txt","true","false"
"209","data","Force Displacement Data","http://depts.washington.edu/columdat/rectcol/txfiles/thom94d1.txt","force_displacement_data\209_thom94d1.txt","true","false"
"210","data","Force Displacement Data","http://depts.washington.edu/columdat/rectcol/txfiles/thom94d2.txt","force_displacement_data\210_thom94d2.txt","true","false"
"211","data","Force Displacement Data","http://depts.washington.edu/columdat/rectcol/txfiles/thom94d3.txt","force_displacement_data\211_thom94d3.txt","true","false"
"212","data","Force Displacement Data","http://depts.washington.edu/columdat/rectcol/txfiles/sezen1.txt","force_displacement_data\212_sezen1.txt","true","false"
"213","data","Force Displacement Data","http://depts.washington.edu/columdat/rectcol/txfiles/sezen2.txt","force_displacement_data\213_sezen2.txt","true","false"
"214","data","Force Displacement Data","http://depts.washington.edu/columdat/rectcol/txfiles/sezen4.txt","force_displacement_data\214_sezen4.txt","true","false"
"215","data","Force Displacement Data","http://depts.washington.edu/columdat/rectcol/txfiles/1006015.txt","force_displacement_data\215_1006015.txt","true","false"
"216","data","Force Displacement Data","http://depts.washington.edu/columdat/rectcol/txfiles/1006025.txt","force_displacement_data\216_1006025.txt","true","false"
"217","data","Force Displacement Data","http://depts.washington.edu/columdat/rectcol/txfiles/1006040.txt","force_displacement_data\217_1006040.txt","true","false"
"218","data","Force Displacement Data","http://depts.washington.edu/columdat/rectcol/txfiles/10013015.txt","force_displacement_data\218_10013015.txt","true","false"
"219","data","Force Displacement Data","http://depts.washington.edu/columdat/rectcol/txfiles/10013025.txt","force_displacement_data\219_10013025.txt","true","false"
"220","data","Force Displacement Data","http://depts.washington.edu/columdat/rectcol/txfiles/10013040.txt","force_displacement_data\220_10013040.txt","true","false"
"221","data","Force Displacement Data","http://depts.washington.edu/columdat/rectcol/txfiles/806040.txt","force_displacement_data\221_806040.txt","true","false"
"222","data","Force Displacement Data","http://depts.washington.edu/columdat/rectcol/txfiles/1206040.txt","force_displacement_data\222_1206040.txt","true","false"
"223","data","Force Displacement Data","http://depts.washington.edu/columdat/rectcol/txfiles/1005540.txt","force_displacement_data\223_1005540.txt","true","false"
"224","data","Force Displacement Data","http://depts.washington.edu/columdat/rectcol/txfiles/1008040.txt","force_displacement_data\224_1008040.txt","true","false"
"225","data","Force Displacement Data","http://depts.washington.edu/columdat/rectcol/txfiles/1005552.txt","force_displacement_data\225_1005552.txt","true","false"
"226","data","Force Displacement Data","http://depts.washington.edu/columdat/rectcol/txfiles/1006052.txt","force_displacement_data\226_1006052.txt","true","false"
"227","data","Force Displacement Data","http://depts.washington.edu/columdat/rectcol/txfiles/Pujol_10-2-3N.txt","force_displacement_data\227_Pujol_10-2-3N.txt","true","false"
"228","data","Force Displacement Data","http://depts.washington.edu/columdat/rectcol/txfiles/Pujol_10-2-3S.txt","force_displacement_data\228_Pujol_10-2-3S.txt","true","false"
"229","data","Force Displacement Data","http://depts.washington.edu/columdat/rectcol/txfiles/Pujol_10-3-1.5N.txt","force_displacement_data\229_Pujol_10-3-1.5N.txt","true","false"
"230","data","Force Displacement Data","http://depts.washington.edu/columdat/rectcol/txfiles/Pujol_10-3-1.5S.txt","force_displacement_data\230_Pujol_10-3-1.5S.txt","true","false"
"231","data","Force Displacement Data","http://depts.washington.edu/columdat/rectcol/txfiles/Pujol_10-3-3N.txt","force_displacement_data\231_Pujol_10-3-3N.txt","true","false"
"232","data","Force Displacement Data","http://depts.washington.edu/columdat/rectcol/txfiles/Pujol_10-3-3S.txt","force_displacement_data\232_Pujol_10-3-3S.txt","true","false"
"233","data","Force Displacement Data","http://depts.washington.edu/columdat/rectcol/txfiles/Pujol_10-3-2N.txt","force_displacement_data\233_Pujol_10-3-2N.txt","true","false"
"234","data","Force Displacement Data","http://depts.washington.edu/columdat/rectcol/txfiles/Pujol_10-3-2S.txt","force_displacement_data\234_Pujol_10-3-2S.txt","true","false"
"237","data","Force Displacement Data","http://depts.washington.edu/columdat/rectcol/txfiles/Pujol_20-3-3N.txt","force_displacement_data\237_Pujol_20-3-3N.txt","true","false"
"238","data","Force Displacement Data","http://depts.washington.edu/columdat/rectcol/txfiles/Pujol_20-3-3S.txt","force_displacement_data\238_Pujol_20-3-3S.txt","true","false"
"239","data","Force Displacement Data","http://depts.washington.edu/columdat/rectcol/txfiles/Pujol_10-2-2N.txt","force_displacement_data\239_Pujol_10-2-2N.txt","true","false"
"240","data","Force Displacement Data","http://depts.washington.edu/columdat/rectcol/txfiles/Pujol_10-2-2S.txt","force_displacement_data\240_Pujol_10-2-2S.txt","true","false"
"241","data","Force Displacement Data","http://depts.washington.edu/columdat/rectcol/txfiles/Pujol_10-1-2N.txt","force_displacement_data\241_Pujol_10-1-2N.txt","true","false"
"242","data","Force Displacement Data","http://depts.washington.edu/columdat/rectcol/txfiles/Pujol_10-1-2S.txt","force_displacement_data\242_Pujol_10-1-2S.txt","true","false"
"243","data","Force Displacement Data","http://depts.washington.edu/columdat/rectcol/txfiles/Bechtoula_Kono_D1N30.txt","force_displacement_data\243_Bechtoula_Kono_D1N30.txt","true","false"
"244","data","Force Displacement Data","http://depts.washington.edu/columdat/rectcol/txfiles/Bechtoula_Kono_D1N60.txt","force_displacement_data\244_Bechtoula_Kono_D1N60.txt","true","false"
"245","data","Force Displacement Data","http://depts.washington.edu/columdat/rectcol/txfiles/Bechtoula_Kono_L1D60.txt","force_displacement_data\245_Bechtoula_Kono_L1D60.txt","true","false"
"246","data","Force Displacement Data","http://depts.washington.edu/columdat/rectcol/txfiles/Bechtoula_Kono_L1N60.txt","force_displacement_data\246_Bechtoula_Kono_L1N60.txt","true","false"
"247","data","Force Displacement Data","http://depts.washington.edu/columdat/rectcol/txfiles/Bechtoula_Kono_L1N6B.txt","force_displacement_data\247_Bechtoula_Kono_L1N6B.txt","true","false"
"248","data","Force Displacement Data","http://depts.washington.edu/columdat/rectcol/txfiles/Takemura_Kawashima1.txt","force_displacement_data\248_Takemura_Kawashima1.txt","true","false"
"248","website","Kawashima Earthquake Engineering Laboratory","http://seismic.cv.titech.ac.jp/index.html","force_displacement_data\248_index.html","false",""
"249","data","Force Displacement Data","http://depts.washington.edu/columdat/rectcol/txfiles/Takemura_Kawashima2.txt","force_displacement_data\249_Takemura_Kawashima2.txt","true","false"
"249","website","Kawashima Earthquake Engineering Laboratory","http://seismic.cv.titech.ac.jp/index.html","force_displacement_data\249_index.html","false",""
"250","data","Force Displacement Data","http://depts.washington.edu/columdat/rectcol/txfiles/Takemura_Kawashima3.txt","force_displacement_data\250_Takemura_Kawashima3.txt","true","false"
"250","website","Kawashima Earthquake Engineering Laboratory","http://seismic.cv.titech.ac.jp/index.html","force_displacement_data\250_index.html","false",""
"251","data","Force Displacement Data","http://depts.washington.edu/columdat/rectcol/txfiles/Takemura_Kawashima4.txt","force_displacement_data\251_Takemura_Kawashima4.txt","true","false"
"251","website","Kawashima Earthquake Engineering Laboratory","http://seismic.cv.titech.ac.jp/index.html","force_displacement_data\251_index.html","false",""
"252","data","Force Displacement Data","http://depts.washington.edu/columdat/rectcol/txfiles/Takemura_Kawashima5.txt","force_displacement_data\252_Takemura_Kawashima5.txt","true","false"
"252","website","Kawashima Earthquake Engineering Laboratory","http://seismic.cv.titech.ac.jp/index.html","force_displacement_data\252_index.html","false",""
"253","data","Force Displacement Data","http://depts.washington.edu/columdat/rectcol/txfiles/Takemura_Kawashima6.txt","force_displacement_data\253_Takemura_Kawashima6.txt","true","false"
"253","website","Kawashima Earthquake Engineering Laboratory","http://seismic.cv.titech.ac.jp/index.html","force_displacement_data\253_index.html","false",""
"254","graph","Force-Displacement Hysteresis","http://depts.washington.edu/columdat/circol/images/dav75u1.jpeg","force_displacement_data\254_dav75u1.jpeg","true","false"
"254","data","Force Displacement Data","http://depts.washington.edu/columdat/circol/txfiles/dav75u1.txt","force_displacement_data\254_dav75u1.txt","true","false"
"255","graph","Force-Displacement Hysteresis","http://depts.washington.edu/columdat/circol/images/dav75u2.jpeg","force_displacement_data\255_dav75u2.jpeg","true","false"
"255","data","Force Displacement Data","http://depts.washington.edu/columdat/circol/txfiles/dav75u2.txt","force_displacement_data\255_dav75u2.txt","true","false"
"256","graph","Force-Displacement Hysteresis","http://depts.washington.edu/columdat/circol/images/dav75u3.jpeg","force_displacement_data\256_dav75u3.jpeg","true","false"
"256","data","Force Displacement Data","http://depts.washington.edu/columdat/circol/txfiles/dav75u3.txt","force_displacement_data\256_dav75u3.txt","true","false"
"257","graph","Force-Displacement Hysteresis","http://depts.washington.edu/columdat/circol/images/mun76n1.jpeg","force_displacement_data\257_mun76n1.jpeg","true","false"
"257","data","Force Displacement Data","http://depts.washington.edu/columdat/circol/txfiles/mun76n1.txt","force_displacement_data\257_mun76n1.txt","true","false"
"258","graph","Force-Displacement Hysteresis","http://depts.washington.edu/columdat/circol/images/ng78no2.jpeg","force_displacement_data\258_ng78no2.jpeg","true","false"
"258","data","Force Displacement Data","http://depts.washington.edu/columdat/circol/txfiles/ng78no2.txt","force_displacement_data\258_ng78no2.txt","true","false"
"259","graph","Force-Displacement Hysteresis","http://depts.washington.edu/columdat/circol/images/ng78no3.jpeg","force_displacement_data\259_ng78no3.jpeg","true","false"
"259","data","Force Displacement Data","http://depts.washington.edu/columdat/circol/txfiles/ng78no3.txt","force_displacement_data\259_ng78no3.txt","true","false"
"260","graph","Force-Displacement Hysteresis","http://depts.washington.edu/columdat/circol/images/ang81u1.jpeg","force_displacement_data\260_ang81u1.jpeg","true","false"
"260","data","Force Displacement Data","http://depts.washington.edu/columdat/circol/txfiles/ang81u1.txt","force_displacement_data\260_ang81u1.txt","true","false"
"261","graph","Force-Displacement Hysteresis","http://depts.washington.edu/columdat/circol/images/ang81u2.jpeg","force_displacement_data\261_ang81u2.jpeg","true","false"
"261","data","Force Displacement Data","http://depts.washington.edu/columdat/circol/txfiles/ang81u2.txt","force_displacement_data\261_ang81u2.txt","true","false"
"262","graph","Force-Displacement Hysteresis","http://depts.washington.edu/columdat/circol/images/pot79n1.jpeg","force_displacement_data\262_pot79n1.jpeg","true","false"
"262","data","Force Displacement Data","http://depts.washington.edu/columdat/circol/txfiles/pot79n1.txt","force_displacement_data\262_pot79n1.txt","true","false"
"263","graph","Force-Displacement Hysteresis","http://depts.washington.edu/columdat/circol/images/pot79n3.jpeg","force_displacement_data\263_pot79n3.jpeg","true","false"
"263","data","Force Displacement Data","http://depts.washington.edu/columdat/circol/txfiles/pot79n3.txt","force_displacement_data\263_pot79n3.txt","true","false"
"264","graph","Force-Displacement Hysteresis","http://depts.washington.edu/columdat/circol/images/pot79n4.jpeg","force_displacement_data\264_pot79n4.jpeg","true","false"
"264","data","Force Displacement Data","http://depts.washington.edu/columdat/circol/txfiles/pot79n4.txt","force_displacement_data\264_pot79n4.txt","true","false"
"265","graph","Force-Displacement Hysteresis","http://depts.washington.edu/columdat/circol/images/pot79n5a.jpeg","force_displacement_data\265_pot79n5a.jpeg","true","false"
"265","data","Force Displacement Data","http://depts.washington.edu/columdat/circol/txfiles/pot79n5a.txt","force_displacement_data\265_pot79n5a.txt","true","false"
"266","graph","Force-Displacement Hysteresis","http://depts.washington.edu/columdat/circol/images/pot79n5b.jpeg","force_displacement_data\266_pot79n5b.jpeg","true","false"
"266","data","Force Displacement Data","http://depts.washington.edu/columdat/circol/txfiles/pot79n5b.txt","force_displacement_data\266_pot79n5b.txt","true","false"
"267","graph","Force-Displacement Hysteresis","http://depts.washington.edu/columdat/circol/images/ang85u1.jpeg","force_displacement_data\267_ang85u1.jpeg","true","false"
"267","data","Force Displacement Data","http://depts.washington.edu/columdat/circol/txfiles/ang85u1.txt","force_displacement_data\267_ang85u1.txt","true","false"
"268","graph","Force-Displacement Hysteresis","http://depts.washington.edu/columdat/circol/images/ang85u2.jpeg","force_displacement_data\268_ang85u2.jpeg","true","false"
"268","data","Force Displacement Data","http://depts.washington.edu/columdat/circol/txfiles/ang85u2.txt","force_displacement_data\268_ang85u2.txt","true","false"
"269","graph","Force-Displacement Hysteresis","http://depts.washington.edu/columdat/circol/images/ang85u3.jpeg","force_displacement_data\269_ang85u3.jpeg","true","false"
"269","data","Force Displacement Data","http://depts.washington.edu/columdat/circol/txfiles/ang85u3.txt","force_displacement_data\269_ang85u3.txt","true","false"
"270","graph","Force-Displacement Hysteresis","http://depts.washington.edu/columdat/circol/images/ang85u4.jpeg","force_displacement_data\270_ang85u4.jpeg","true","false"
"270","data","Force Displacement Data","http://depts.washington.edu/columdat/circol/txfiles/ang85u4.txt","force_displacement_data\270_ang85u4.txt","true","false"
"271","graph","Force-Displacement Hysteresis","http://depts.washington.edu/columdat/circol/images/ang85u5.jpeg","force_displacement_data\271_ang85u5.jpeg","true","false"
"271","data","Force Displacement Data","http://depts.washington.edu/columdat/circol/txfiles/ang85u5.txt","force_displacement_data\271_ang85u5.txt","true","false"
"272","graph","Force-Displacement Hysteresis","http://depts.washington.edu/columdat/circol/images/ang85u6.jpeg","force_displacement_data\272_ang85u6.jpeg","true","false"
"272","data","Force Displacement Data","http://depts.washington.edu/columdat/circol/txfiles/ang85u6.txt","force_displacement_data\272_ang85u6.txt","true","false"
"273","graph","Force-Displacement Hysteresis","http://depts.washington.edu/columdat/circol/images/ang85u7.jpeg","force_displacement_data\273_ang85u7.jpeg","true","false"
"273","data","Force Displacement Data","http://depts.washington.edu/columdat/circol/txfiles/ang85u7.txt","force_displacement_data\273_ang85u7.txt","true","false"
"274","graph","Force-Displacement Hysteresis","http://depts.washington.edu/columdat/circol/images/ang85u8.jpeg","force_displacement_data\274_ang85u8.jpeg","true","false"
"274","data","Force Displacement Data","http://depts.washington.edu/columdat/circol/txfiles/ang85u8.txt","force_displacement_data\274_ang85u8.txt","true","false"
"275","graph","Force-Displacement Hysteresis","http://depts.washington.edu/columdat/circol/images/ang85u9.jpeg","force_displacement_data\275_ang85u9.jpeg","true","false"
"275","data","Force Displacement Data","http://depts.washington.edu/columdat/circol/txfiles/ang85u9.txt","force_displacement_data\275_ang85u9.txt","true","false"
"276","graph","Force-Displacement Hysteresis","http://depts.washington.edu/columdat/circol/images/ang85u10.jpeg","force_displacement_data\276_ang85u10.jpeg","true","false"
"276","data","Force Displacement Data","http://depts.washington.edu/columdat/circol/txfiles/ang85u10.txt","force_displacement_data\276_ang85u10.txt","true","false"
"277","graph","Force-Displacement Hysteresis","http://depts.washington.edu/columdat/circol/images/ang85u11.jpeg","force_displacement_data\277_ang85u11.jpeg","true","false"
"277","data","Force Displacement Data","http://depts.washington.edu/columdat/circol/txfiles/ang85u11.txt","force_displacement_data\277_ang85u11.txt","true","false"
"278","graph","Force-Displacement Hysteresis","http://depts.washington.edu/columdat/circol/images/ang85u12.jpeg","force_displacement_data\278_ang85u12.jpeg","true","false"
"278","data","Force Displacement Data","http://depts.washington.edu/columdat/circol/txfiles/ang85u12.txt","force_displacement_data\278_ang85u12.txt","true","false"
"279","graph","Force-Displacement Hysteresis","http://depts.washington.edu/columdat/circol/images/ang85u13.jpeg","force_displacement_data\279_ang85u13.jpeg","true","false"
"279","data","Force Displacement Data","http://depts.washington.edu/columdat/circol/txfiles/ang85u13.txt","force_displacement_data\279_ang85u13.txt","true","false"
"280","graph","Force-Displacement Hysteresis","http://depts.washington.edu/columdat/circol/images/ang85u14.jpeg","force_displacement_data\280_ang85u14.jpeg","true","false"
"280","data","Force Displacement Data","http://depts.washington.edu/columdat/circol/txfiles/ang85u14.txt","force_displacement_data\280_ang85u14.txt","true","false"
"281","graph","Force-Displacement Hysteresis","http://depts.washington.edu/columdat/circol/images/ang85u15.jpeg","force_displacement_data\281_ang85u15.jpeg","true","false"
"281","data","Force Displacement Data","http://depts.washington.edu/columdat/circol/txfiles/ang85u15.txt","force_displacement_data\281_ang85u15.txt","true","false"
"282","graph","Force-Displacement Hysteresis","http://depts.washington.edu/columdat/circol/images/ang85u16.jpeg","force_displacement_data\282_ang85u16.jpeg","true","false"
"282","data","Force Displacement Data","http://depts.washington.edu/columdat/circol/txfiles/ang85u16.txt","force_displacement_data\282_ang85u16.txt","true","false"
"283","graph","Force-Displacement Hysteresis","http://depts.washington.edu/columdat/circol/images/ang85u17.jpeg","force_displacement_data\283_ang85u17.jpeg","true","false"
"283","data","Force Displacement Data","http://depts.washington.edu/columdat/circol/txfiles/ang85u17.txt","force_displacement_data\283_ang85u17.txt","true","false"
"284","graph","Force-Displacement Hysteresis","http://depts.washington.edu/columdat/circol/images/ang85u18.jpeg","force_displacement_data\284_ang85u18.jpeg","true","false"
"284","data","Force Displacement Data","http://depts.washington.edu/columdat/circol/txfiles/ang85u18.txt","force_displacement_data\284_ang85u18.txt","true","false"
"285","graph","Force-Displacement Hysteresis","http://depts.washington.edu/columdat/circol/images/ang85u19.jpeg","force_displacement_data\285_ang85u19.jpeg","true","false"
"285","data","Force Displacement Data","http://depts.washington.edu/columdat/circol/txfiles/ang85u19.txt","force_displacement_data\285_ang85u19.txt","true","false"
"286","graph","Force-Displacement Hysteresis","http://depts.washington.edu/columdat/circol/images/ang85u20.jpeg","force_displacement_data\286_ang85u20.jpeg","true","false"
"286","data","Force Displacement Data","http://depts.washington.edu/columdat/circol/txfiles/ang85u20.txt","force_displacement_data\286_ang85u20.txt","true","false"
"287","graph","Force-Displacement Hysteresis","http://depts.washington.edu/columdat/circol/images/ang85u21.jpeg","force_displacement_data\287_ang85u21.jpeg","true","false"
"287","data","Force Displacement Data","http://depts.washington.edu/columdat/circol/txfiles/ang85u21.txt","force_displacement_data\287_ang85u21.txt","true","false"
"288","graph","Force-Displacement Hysteresis","http://depts.washington.edu/columdat/circol/images/ang85u22.jpeg","force_displacement_data\288_ang85u22.jpeg","true","false"
"288","data","Force Displacement Data","http://depts.washington.edu/columdat/circol/txfiles/ang85u22.txt","force_displacement_data\288_ang85u22.txt","true","false"
"289","graph","Force-Displacement Hysteresis","http://depts.washington.edu/columdat/circol/images/ang85u23.jpeg","force_displacement_data\289_ang85u23.jpeg","true","false"
"289","data","Force Displacement Data","http://depts.washington.edu/columdat/circol/txfiles/ang85u23.txt","force_displacement_data\289_ang85u23.txt","true","false"
"290","graph","Force-Displacement Hysteresis","http://depts.washington.edu/columdat/circol/images/ang85u24.jpeg","force_displacement_data\290_ang85u24.jpeg","true","false"
"290","data","Force Displacement Data","http://depts.washington.edu/columdat/circol/txfiles/ang85u24.txt","force_displacement_data\290_ang85u24.txt","true","false"
"291","graph","Force-Displacement Hysteresis","http://depts.washington.edu/columdat/circol/images/ang85u25.jpeg","force_displacement_data\291_ang85u25.jpeg","true","false"
"291","data","Force Displacement Data","http://depts.washington.edu/columdat/circol/txfiles/ang85u25.txt","force_displacement_data\291_ang85u25.txt","true","false"
"292","graph","Force-Displacement Hysteresis","http://depts.washington.edu/columdat/circol/images/zahn86u5.jpeg","force_displacement_data\292_zahn86u5.jpeg","true","false"
"292","data","Force Displacement Data","http://depts.washington.edu/columdat/circol/txfiles/zahn86u5.txt","force_displacement_data\292_zahn86u5.txt","true","false"
"293","graph","Force-Displacement Hysteresis","http://depts.washington.edu/columdat/circol/images/zahn86u6.jpeg","force_displacement_data\293_zahn86u6.jpeg","true","false"
"293","data","Force Displacement Data","http://depts.washington.edu/columdat/circol/txfiles/zahn86u6.txt","force_displacement_data\293_zahn86u6.txt","true","false"
"294","graph","Force-Displacement Hysteresis","http://depts.washington.edu/columdat/circol/images/wat89u10.jpeg","force_displacement_data\294_wat89u10.jpeg","true","false"
"294","data","Force Displacement Data","http://depts.washington.edu/columdat/circol/txfiles/wat89u10.txt","force_displacement_data\294_wat89u10.txt","true","false"
"295","graph","Force-Displacement Hysteresis","http://depts.washington.edu/columdat/circol/images/wat89u11.jpeg","force_displacement_data\295_wat89u11.jpeg","true","false"
"295","data","Force Displacement Data","http://depts.washington.edu/columdat/circol/txfiles/wat89u11.txt","force_displacement_data\295_wat89u11.txt","true","false"
"296","graph","Force-Displacement Hysteresis","http://depts.washington.edu/columdat/circol/images/wong90u1.jpeg","force_displacement_data\296_wong90u1.jpeg","true","false"
"296","data","Force Displacement Data","http://depts.washington.edu/columdat/circol/txfiles/wong90u1.txt","force_displacement_data\296_wong90u1.txt","true","false"
"297","graph","Force-Displacement Hysteresis","http://depts.washington.edu/columdat/circol/images/wong90u2.jpeg","force_displacement_data\297_wong90u2.jpeg","true","false"
"297","data","Force Displacement Data","http://depts.washington.edu/columdat/circol/txfiles/wong90u2.txt","force_displacement_data\297_wong90u2.txt","true","false"
"298","graph","Force-Displacement Hysteresis","http://depts.washington.edu/columdat/circol/images/wong90u3.jpeg","force_displacement_data\298_wong90u3.jpeg","true","false"
"298","data","Force Displacement Data","http://depts.washington.edu/columdat/circol/txfiles/wong90u3.txt","force_displacement_data\298_wong90u3.txt","true","false"
"299","graph","Force-Displacement Hysteresis","http://depts.washington.edu/columdat/circol/images/petm1e1.jpeg","force_displacement_data\299_petm1e1.jpeg","true","false"
"299","data","Force Displacement Data","http://depts.washington.edu/columdat/circol/txfiles/petm1e1.txt","force_displacement_data\299_petm1e1.txt","true","false"
"300","graph","Force-Displacement Hysteresis","http://depts.washington.edu/columdat/circol/images/petm1e2.jpeg","force_displacement_data\300_petm1e2.jpeg","true","false"
"300","data","Force Displacement Data","http://depts.washington.edu/columdat/circol/txfiles/petm1e2.txt","force_displacement_data\300_petm1e2.txt","true","false"
"301","graph","Force-Displacement Hysteresis","http://depts.washington.edu/columdat/circol/images/petm2e1.jpeg","force_displacement_data\301_petm2e1.jpeg","true","false"
"301","data","Force Displacement Data","http://depts.washington.edu/columdat/circol/txfiles/petm2e1.txt","force_displacement_data\301_petm2e1.txt","true","false"
"302","graph","Force-Displacement Hysteresis","http://depts.washington.edu/columdat/circol/images/petm2e2.jpeg","force_displacement_data\302_petm2e2.jpeg","true","false"
"302","data","Force Displacement Data","http://depts.washington.edu/columdat/circol/txfiles/petm2e2.txt","force_displacement_data\302_petm2e2.txt","true","false"
"303","graph","Force-Displacement Hysteresis","http://depts.washington.edu/columdat/circol/images/mc90con1.jpeg","force_displacement_data\303_mc90con1.jpeg","true","false"
"303","data","Force Displacement Data","http://depts.washington.edu/columdat/circol/txfiles/mc90con1.txt","force_displacement_data\303_mc90con1.txt","true","false"
"304","graph","Force-Displacement Hysteresis","http://depts.washington.edu/columdat/circol/images/mc90con2.jpeg","force_displacement_data\304_mc90con2.jpeg","true","false"
"304","data","Force Displacement Data","http://depts.washington.edu/columdat/circol/txfiles/mc90con2.txt","force_displacement_data\304_mc90con2.txt","true","false"
"305","graph","Force-Displacement Hysteresis","http://depts.washington.edu/columdat/circol/images/mc90con3.jpeg","force_displacement_data\305_mc90con3.jpeg","true","false"
"305","data","Force Displacement Data","http://depts.washington.edu/columdat/circol/txfiles/mc90con3.txt","force_displacement_data\305_mc90con3.txt","true","false"
"306","graph","Force-Displacement Hysteresis","http://depts.washington.edu/columdat/circol/images/flexfs.jpeg","force_displacement_data\306_flexfs.jpeg","true","false"
"306","data","Force Displacement Data","http://depts.washington.edu/columdat/circol/txfiles/flexfs.txt","force_displacement_data\306_flexfs.txt","true","false"
"307","graph","Force-Displacement Hysteresis","http://depts.washington.edu/columdat/circol/images/shearfs.jpeg","force_displacement_data\307_shearfs.jpeg","true","false"
"307","data","Force Displacement Data","http://depts.washington.edu/columdat/circol/txfiles/shearfs.txt","force_displacement_data\307_shearfs.txt","true","false"
"308","graph","Force-Displacement Hysteresis","http://depts.washington.edu/columdat/circol/images/modeln1.jpeg","force_displacement_data\308_modeln1.jpeg","true","false"
"308","data","Force Displacement Data","http://depts.washington.edu/columdat/circol/txfiles/modeln1.txt","force_displacement_data\308_modeln1.txt","true","false"
"309","graph","Force-Displacement Hysteresis","http://depts.washington.edu/columdat/circol/images/modeln2.jpeg","force_displacement_data\309_modeln2.jpeg","true","false"
"309","data","Force Displacement Data","http://depts.washington.edu/columdat/circol/txfiles/modeln2.txt","force_displacement_data\309_modeln2.txt","true","false"
"310","graph","Force-Displacement Hysteresis","http://depts.washington.edu/columdat/circol/images/modeln3.jpeg","force_displacement_data\310_modeln3.jpeg","true","false"
"310","data","Force Displacement Data","http://depts.washington.edu/columdat/circol/txfiles/modeln3.txt","force_displacement_data\310_modeln3.txt","true","false"
"311","graph","Force-Displacement Hysteresis","http://depts.washington.edu/columdat/circol/images/modeln4.jpeg","force_displacement_data\311_modeln4.jpeg","true","false"
"311","data","Force Displacement Data","http://depts.washington.edu/columdat/circol/txfiles/modeln4.txt","force_displacement_data\311_modeln4.txt","true","false"
"312","graph","Force-Displacement Hysteresis","http://depts.washington.edu/columdat/circol/images/modeln5.jpeg","force_displacement_data\312_modeln5.jpeg","true","false"
"312","data","Force Displacement Data","http://depts.washington.edu/columdat/circol/txfiles/modeln5.txt","force_displacement_data\312_modeln5.txt","true","false"
"313","graph","Force-Displacement Hysteresis","http://depts.washington.edu/columdat/circol/images/modeln6.jpeg","force_displacement_data\313_modeln6.jpeg","true","false"
"313","data","Force Displacement Data","http://depts.washington.edu/columdat/circol/txfiles/modeln6.txt","force_displacement_data\313_modeln6.txt","true","false"
"314","graph","Force-Displacement Hysteresis","http://depts.washington.edu/columdat/circol/images/j2spbaa1.jpeg","force_displacement_data\314_j2spbaa1.jpeg","true","false"
"314","data","Force Displacement Data","http://depts.washington.edu/columdat/circol/txfiles/j2spbaa1.txt","force_displacement_data\314_j2spbaa1.txt","true","false"
"315","graph","Force-Displacement Hysteresis","http://depts.washington.edu/columdat/circol/images/j3ws21bs.jpeg","force_displacement_data\315_j3ws21bs.jpeg","true","false"
"315","data","Force Displacement Data","http://depts.washington.edu/columdat/circol/txfiles/j3ws21bs.txt","force_displacement_data\315_j3ws21bs.txt","true","false"
"316","graph","Force-Displacement Hysteresis","http://depts.washington.edu/columdat/circol/images/j3ws22bs.jpeg","force_displacement_data\316_j3ws22bs.jpeg","true","false"
"316","data","Force Displacement Data","http://depts.washington.edu/columdat/circol/txfiles/j3ws22bs.txt","force_displacement_data\316_j3ws22bs.txt","true","false"
"317","graph","Force-Displacement Hysteresis","http://depts.washington.edu/columdat/circol/images/j3ws25bs.jpeg","force_displacement_data\317_j3ws25bs.jpeg","true","false"
"317","data","Force Displacement Data","http://depts.washington.edu/columdat/circol/txfiles/j3ws25bs.txt","force_displacement_data\317_j3ws25bs.txt","true","false"
"318","graph","Force-Displacement Hysteresis","http://depts.washington.edu/columdat/circol/images/j3ws26bs.jpeg","force_displacement_data\318_j3ws26bs.jpeg","true","false"
"318","data","Force Displacement Data","http://depts.washington.edu/columdat/circol/txfiles/j3ws26bs.txt","force_displacement_data\318_j3ws26bs.txt","true","false"
"319","graph","Force-Displacement Hysteresis","http://depts.washington.edu/columdat/circol/images/j3ws27bs.jpeg","force_displacement_data\319_j3ws27bs.jpeg","true","false"
"319","data","Force Displacement Data","http://depts.washington.edu/columdat/circol/txfiles/j3ws27bs.txt","force_displacement_data\319_j3ws27bs.txt","true","false"
"320","graph","Force-Displacement Hysteresis","http://depts.washington.edu/columdat/circol/images/arak1.jpeg","force_displacement_data\320_arak1.jpeg","true","false"
"320","data","Force Displacement Data","http://depts.washington.edu/columdat/circol/txfiles/arak1.txt","force_displacement_data\320_arak1.txt","true","false"
"321","graph","Force-Displacement Hysteresis","http://depts.washington.edu/columdat/circol/images/arak2.jpeg","force_displacement_data\321_arak2.jpeg","true","false"
"321","data","Force Displacement Data","http://depts.washington.edu/columdat/circol/txfiles/arak2.txt","force_displacement_data\321_arak2.txt","true","false"
"322","graph","Force-Displacement Hysteresis","http://depts.washington.edu/columdat/circol/images/arak3.jpeg","force_displacement_data\322_arak3.jpeg","true","false"
"322","data","Force Displacement Data","http://depts.washington.edu/columdat/circol/txfiles/arak3.txt","force_displacement_data\322_arak3.txt","true","false"
"323","graph","Force-Displacement Hysteresis","http://depts.washington.edu/columdat/circol/images/arak4.jpeg","force_displacement_data\323_arak4.jpeg","true","false"
"323","data","Force Displacement Data","http://depts.washington.edu/columdat/circol/txfiles/arak4.txt","force_displacement_data\323_arak4.txt","true","false"
"324","graph","Force-Displacement Hysteresis","http://depts.washington.edu/columdat/circol/images/arak6.jpeg","force_displacement_data\324_arak6.jpeg","true","false"
"324","data","Force Displacement Data","http://depts.washington.edu/columdat/circol/txfiles/arak6.txt","force_displacement_data\324_arak6.txt","true","false"
"325","graph","Force-Displacement Hysteresis","http://depts.washington.edu/columdat/circol/images/arak8.jpeg","force_displacement_data\325_arak8.jpeg","true","false"
"325","data","Force Displacement Data","http://depts.washington.edu/columdat/circol/txfiles/arak8.txt","force_displacement_data\325_arak8.txt","true","false"
"326","graph","Force-Displacement Hysteresis","http://depts.washington.edu/columdat/circol/images/arak9.jpeg","force_displacement_data\326_arak9.jpeg","true","false"
"326","data","Force Displacement Data","http://depts.washington.edu/columdat/circol/txfiles/arak9.txt","force_displacement_data\326_arak9.txt","true","false"
"327","graph","Force-Displacement Hysteresis","http://depts.washington.edu/columdat/circol/images/arak10.jpeg","force_displacement_data\327_arak10.jpeg","true","false"
"327","data","Force Displacement Data","http://depts.washington.edu/columdat/circol/txfiles/arak10.txt","force_displacement_data\327_arak10.txt","true","false"
"328","graph","Force-Displacement Hysteresis","http://depts.washington.edu/columdat/circol/images/arak11.jpeg","force_displacement_data\328_arak11.jpeg","true","false"
"328","data","Force Displacement Data","http://depts.washington.edu/columdat/circol/txfiles/arak11.txt","force_displacement_data\328_arak11.txt","true","false"
"329","graph","Force-Displacement Hysteresis","http://depts.washington.edu/columdat/circol/images/arak12.jpeg","force_displacement_data\329_arak12.jpeg","true","false"
"329","data","Force Displacement Data","http://depts.washington.edu/columdat/circol/txfiles/arak12.txt","force_displacement_data\329_arak12.txt","true","false"
"330","graph","Force-Displacement Hysteresis","http://depts.washington.edu/columdat/circol/images/arak13.jpeg","force_displacement_data\330_arak13.jpeg","true","false"
"330","data","Force Displacement Data","http://depts.washington.edu/columdat/circol/txfiles/arak13.txt","force_displacement_data\330_arak13.txt","true","false"
"331","graph","Force-Displacement Hysteresis","http://depts.washington.edu/columdat/circol/images/arak14.jpeg","force_displacement_data\331_arak14.jpeg","true","false"
"331","data","Force Displacement Data","http://depts.washington.edu/columdat/circol/txfiles/arak14.txt","force_displacement_data\331_arak14.txt","true","false"
"332","graph","Force-Displacement Hysteresis","http://depts.washington.edu/columdat/circol/images/arak15.jpeg","force_displacement_data\332_arak15.jpeg","true","false"
"332","data","Force Displacement Data","http://depts.washington.edu/columdat/circol/txfiles/arak15.txt","force_displacement_data\332_arak15.txt","true","false"
"333","graph","Force-Displacement Hysteresis","http://depts.washington.edu/columdat/circol/images/arak16.jpeg","force_displacement_data\333_arak16.jpeg","true","false"
"333","data","Force Displacement Data","http://depts.washington.edu/columdat/circol/txfiles/arak16.txt","force_displacement_data\333_arak16.txt","true","false"
"334","graph","Force-Displacement Hysteresis","http://depts.washington.edu/columdat/circol/images/arak17.jpeg","force_displacement_data\334_arak17.jpeg","true","false"
"334","data","Force Displacement Data","http://depts.washington.edu/columdat/circol/txfiles/arak17.txt","force_displacement_data\334_arak17.txt","true","false"
"335","graph","Force-Displacement Hysteresis","http://depts.washington.edu/columdat/circol/images/arak18.jpeg","force_displacement_data\335_arak18.jpeg","true","false"
"335","data","Force Displacement Data","http://depts.washington.edu/columdat/circol/txfiles/arak18.txt","force_displacement_data\335_arak18.txt","true","false"
"336","graph","Force-Displacement Hysteresis","http://depts.washington.edu/columdat/circol/images/arak19.jpeg","force_displacement_data\336_arak19.jpeg","true","false"
"336","data","Force Displacement Data","http://depts.washington.edu/columdat/circol/txfiles/arak19.txt","force_displacement_data\336_arak19.txt","true","false"
"337","graph","Force-Displacement Hysteresis","http://depts.washington.edu/columdat/circol/images/arak20.jpeg","force_displacement_data\337_arak20.jpeg","true","false"
"337","data","Force Displacement Data","http://depts.washington.edu/columdat/circol/txfiles/arak20.txt","force_displacement_data\337_arak20.txt","true","false"
"338","graph","Force-Displacement Hysteresis","http://depts.washington.edu/columdat/circol/images/arak21.jpeg","force_displacement_data\338_arak21.jpeg","true","false"
"338","data","Force Displacement Data","http://depts.washington.edu/columdat/circol/txfiles/arak21.txt","force_displacement_data\338_arak21.txt","true","false"
"339","graph","Force-Displacement Hysteresis","http://depts.washington.edu/columdat/circol/images/arak22.jpeg","force_displacement_data\339_arak22.jpeg","true","false"
"339","data","Force Displacement Data","http://depts.washington.edu/columdat/circol/txfiles/arak22.txt","force_displacement_data\339_arak22.txt","true","false"
"340","graph","Force-Displacement Hysteresis","http://depts.washington.edu/columdat/circol/images/arak23.jpeg","force_displacement_data\340_arak23.jpeg","true","false"
"340","data","Force Displacement Data","http://depts.washington.edu/columdat/circol/txfiles/arak23.txt","force_displacement_data\340_arak23.txt","true","false"
"341","graph","Force-Displacement Hysteresis","http://depts.washington.edu/columdat/circol/images/arak24.jpeg","force_displacement_data\341_arak24.jpeg","true","false"
"341","data","Force Displacement Data","http://depts.washington.edu/columdat/circol/txfiles/arak24.txt","force_displacement_data\341_arak24.txt","true","false"
"342","graph","Force-Displacement Hysteresis","http://depts.washington.edu/columdat/circol/images/arak25.jpeg","force_displacement_data\342_arak25.jpeg","true","false"
"342","data","Force Displacement Data","http://depts.washington.edu/columdat/circol/txfiles/arak25.txt","force_displacement_data\342_arak25.txt","true","false"
"343","graph","Force-Displacement Hysteresis","http://depts.washington.edu/columdat/circol/images/arak26.jpeg","force_displacement_data\343_arak26.jpeg","true","false"
"343","data","Force Displacement Data","http://depts.washington.edu/columdat/circol/txfiles/arak26.txt","force_displacement_data\343_arak26.txt","true","false"
"344","graph","Force-Displacement Hysteresis","http://depts.washington.edu/columdat/circol/images/arak27.jpeg","force_displacement_data\344_arak27.jpeg","true","false"
"344","data","Force Displacement Data","http://depts.washington.edu/columdat/circol/txfiles/arak27.txt","force_displacement_data\344_arak27.txt","true","false"
"345","graph","Force-Displacement Hysteresis","http://depts.washington.edu/columdat/circol/images/arak28.jpeg","force_displacement_data\345_arak28.jpeg","true","false"
"345","data","Force Displacement Data","http://depts.washington.edu/columdat/circol/txfiles/arak28.txt","force_displacement_data\345_arak28.txt","true","false"
"346","graph","Force-Displacement Hysteresis","http://depts.washington.edu/columdat/circol/images/kun97a2.jpeg","force_displacement_data\346_kun97a2.jpeg","true","false"
"346","data","Force Displacement Data","http://depts.washington.edu/columdat/circol/txfiles/kun97a2.txt","force_displacement_data\346_kun97a2.txt","true","false"
"347","graph","Force-Displacement Hysteresis","http://depts.washington.edu/columdat/circol/images/kun97a3.jpeg","force_displacement_data\347_kun97a3.jpeg","true","false"
"347","data","Force Displacement Data","http://depts.washington.edu/columdat/circol/txfiles/kun97a3.txt","force_displacement_data\347_kun97a3.txt","true","false"
"348","graph","Force-Displacement Hysteresis","http://depts.washington.edu/columdat/circol/images/kun97a4.jpeg","force_displacement_data\348_kun97a4.jpeg","true","false"
"348","data","Force Displacement Data","http://depts.washington.edu/columdat/circol/txfiles/kun97a4.txt","force_displacement_data\348_kun97a4.txt","true","false"
"349","graph","Force-Displacement Hysteresis","http://depts.washington.edu/columdat/circol/images/kun97a5.jpeg","force_displacement_data\349_kun97a5.jpeg","true","false"
"349","data","Force Displacement Data","http://depts.washington.edu/columdat/circol/txfiles/kun97a5.txt","force_displacement_data\349_kun97a5.txt","true","false"
"350","graph","Force-Displacement Hysteresis","http://depts.washington.edu/columdat/circol/images/kun97a6.jpeg","force_displacement_data\350_kun97a6.jpeg","true","false"
"350","data","Force Displacement Data","http://depts.washington.edu/columdat/circol/txfiles/kun97a6.txt","force_displacement_data\350_kun97a6.txt","true","false"
"351","graph","Force-Displacement Hysteresis","http://depts.washington.edu/columdat/circol/images/kun97a7.jpeg","force_displacement_data\351_kun97a7.jpeg","true","false"
"351","data","Force Displacement Data","http://depts.washington.edu/columdat/circol/txfiles/kun97a7.txt","force_displacement_data\351_kun97a7.txt","true","false"
"352","graph","Force-Displacement Hysteresis","http://depts.washington.edu/columdat/circol/images/kun97a8.jpeg","force_displacement_data\352_kun97a8.jpeg","true","false"
"352","data","Force Displacement Data","http://depts.washington.edu/columdat/circol/txfiles/kun97a8.txt","force_displacement_data\352_kun97a8.txt","true","false"
"353","graph","Force-Displacement Hysteresis","http://depts.washington.edu/columdat/circol/images/kun97a9.jpeg","force_displacement_data\353_kun97a9.jpeg","true","false"
"353","data","Force Displacement Data","http://depts.washington.edu/columdat/circol/txfiles/kun97a9.txt","force_displacement_data\353_kun97a9.txt","true","false"
"354","graph","Force-Displacement Hysteresis","http://depts.washington.edu/columdat/circol/images/kun97a10.jpeg","force_displacement_data\354_kun97a10.jpeg","true","false"
"354","data","Force Displacement Data","http://depts.washington.edu/columdat/circol/txfiles/kun97a10.txt","force_displacement_data\354_kun97a10.txt","true","false"
"355","graph","Force-Displacement Hysteresis","http://depts.washington.edu/columdat/circol/images/kun97a11.jpeg","force_displacement_data\355_kun97a11.jpeg","true","false"
"355","data","Force Displacement Data","http://depts.washington.edu/columdat/circol/txfiles/kun97a11.txt","force_displacement_data\355_kun97a11.txt","true","false"
"356","graph","Force-Displacement Hysteresis","http://depts.washington.edu/columdat/circol/images/kun97a12.jpeg","force_displacement_data\356_kun97a12.jpeg","true","false"
"356","data","Force Displacement Data","http://depts.washington.edu/columdat/circol/txfiles/kun97a12.txt","force_displacement_data\356_kun97a12.txt","true","false"
"357","graph","Force-Displacement Hysteresis","http://depts.washington.edu/columdat/circol/images/benz94u1.jpeg","force_displacement_data\357_benz94u1.jpeg","true","false"
"357","data","Force Displacement Data","http://depts.washington.edu/columdat/circol/txfiles/benz94u1.txt","force_displacement_data\357_benz94u1.txt","true","false"
"358","graph","Force-Displacement Hysteresis","http://depts.washington.edu/columdat/circol/images/benz94u2.jpeg","force_displacement_data\358_benz94u2.jpeg","true","false"
"358","data","Force Displacement Data","http://depts.washington.edu/columdat/circol/txfiles/benz94u2.txt","force_displacement_data\358_benz94u2.txt","true","false"
"359","graph","Force-Displacement Hysteresis","http://depts.washington.edu/columdat/circol/images/hos97h1.jpeg","force_displacement_data\359_hos97h1.jpeg","true","false"
"359","data","Force Displacement Data","http://depts.washington.edu/columdat/circol/txfiles/hos97h1.txt","force_displacement_data\359_hos97h1.txt","true","false"
"360","graph","Force-Displacement Hysteresis","http://depts.washington.edu/columdat/circol/images/vu98nh1.jpeg","force_displacement_data\360_vu98nh1.jpeg","true","false"
"360","data","Force Displacement Data","http://depts.washington.edu/columdat/circol/txfiles/vu98nh1.txt","force_displacement_data\360_vu98nh1.txt","true","false"
"361","graph","Force-Displacement Hysteresis","http://depts.washington.edu/columdat/circol/images/vu98nh2.jpeg","force_displacement_data\361_vu98nh2.jpeg","true","false"
"361","data","Force Displacement Data","http://depts.washington.edu/columdat/circol/txfiles/vu98nh2.txt","force_displacement_data\361_vu98nh2.txt","true","false"
"362","graph","Force-Displacement Hysteresis","http://depts.washington.edu/columdat/circol/images/vu98nh3.jpeg","force_displacement_data\362_vu98nh3.jpeg","true","false"
"362","data","Force Displacement Data","http://depts.washington.edu/columdat/circol/txfiles/vu98nh3.txt","force_displacement_data\362_vu98nh3.txt","true","false"
"363","graph","Force-Displacement Hysteresis","http://depts.washington.edu/columdat/circol/images/vu98nh4.jpeg","force_displacement_data\363_vu98nh4.jpeg","true","false"
"363","data","Force Displacement Data","http://depts.washington.edu/columdat/circol/txfiles/vu98nh4.txt","force_displacement_data\363_vu98nh4.txt","true","false"
"364","graph","Force-Displacement Hysteresis","http://depts.washington.edu/columdat/circol/images/vu98nh5.jpeg","force_displacement_data\364_vu98nh5.jpeg","true","false"
"364","data","Force Displacement Data","http://depts.washington.edu/columdat/circol/txfiles/vu98nh5.txt","force_displacement_data\364_vu98nh5.txt","true","false"
"365","graph","Force-Displacement Hysteresis","http://depts.washington.edu/columdat/circol/images/vu98nh6.jpeg","force_displacement_data\365_vu98nh6.jpeg","true","false"
"365","data","Force Displacement Data","http://depts.washington.edu/columdat/circol/txfiles/vu98nh6.txt","force_displacement_data\365_vu98nh6.txt","true","false"
"366","graph","Force-Displacement Hysteresis","http://depts.washington.edu/columdat/circol/images/kowal96fl1.jpeg","force_displacement_data\366_kowal96fl1.jpeg","true","false"
"366","data","Force Displacement Data","http://depts.washington.edu/columdat/circol/txfiles/kow96fl1.txt","force_displacement_data\366_kow96fl1.txt","true","false"
"367","graph","Force-Displacement Hysteresis","http://depts.washington.edu/columdat/circol/images/kowal96fl2.jpeg","force_displacement_data\367_kowal96fl2.jpeg","true","false"
"367","data","Force Displacement Data","http://depts.washington.edu/columdat/circol/txfiles/kow96fl2.txt","force_displacement_data\367_kow96fl2.txt","true","false"
"368","graph","Force-Displacement Hysteresis","http://depts.washington.edu/columdat/circol/images/kowal96fl3.jpeg","force_displacement_data\368_kowal96fl3.jpeg","true","false"
"368","data","Force Displacement Data","http://depts.washington.edu/columdat/circol/txfiles/kow96fl3.txt","force_displacement_data\368_kow96fl3.txt","true","false"
"369","graph","Force-Displacement Hysteresis","http://depts.washington.edu/columdat/circol/images/leh415.jpeg","force_displacement_data\369_leh415.jpeg","true","false"
"369","data","Force Displacement Data","http://depts.washington.edu/columdat/circol/txfiles/leh415.txt","force_displacement_data\369_leh415.txt","true","false"
"369","report","PEER-1998/01","http://peer.berkeley.edu/publications/peer_reports/reports_1998/9801.pdf","force_displacement_data\369_9801.pdf","true","false"
"369","photo","Column 415 Final Damage State","http://peer.berkeley.edu/spdata/lehman_moehle_1998/fig3_18.jpg","force_displacement_data\369_fig3_18.jpg","false",""
"370","graph","Force-Displacement Hysteresis","http://depts.washington.edu/columdat/circol/images/leh815.jpeg","force_displacement_data\370_leh815.jpeg","true","false"
"370","data","Force Displacement Data","http://depts.washington.edu/columdat/circol/txfiles/leh815.txt","force_displacement_data\370_leh815.txt","true","false"
"370","report","PEER-1998/01","http://peer.berkeley.edu/publications/peer_reports/reports_1998/9801.pdf","force_displacement_data\370_9801.pdf","true","false"
"370","photo","Column 815 Crack Pattern at 3.5-Inch Displacement","http://peer.berkeley.edu/spdata/lehman_moehle_1998/fig3_26.jpg","force_displacement_data\370_fig3_26.jpg","false",""
"370","photo","Column 815 Damaged Region After Testing","http://peer.berkeley.edu/spdata/lehman_moehle_1998/fig3_32.jpg","force_displacement_data\370_fig3_32.jpg","false",""
"370","photo","Actuators Used for Testing Column 815 and 1015","http://peer.berkeley.edu/spdata/lehman_moehle_1998/figb_7.jpg","force_displacement_data\370_figb_7.jpg","false",""
"371","graph","Force-Displacement Hysteresis","http://depts.washington.edu/columdat/circol/images/leh1015.jpeg","force_displacement_data\371_leh1015.jpeg","true","false"
"371","data","Force Displacement Data","http://depts.washington.edu/columdat/circol/txfiles/leh1015.txt","force_displacement_data\371_leh1015.txt","true","false"
"371","report","PEER-1998/01","http://peer.berkeley.edu/publications/peer_reports/reports_1998/9801.pdf","force_displacement_data\371_9801.pdf","true","false"
"371","photo","Actuators Used for Testing Column 815 and 1015","http://peer.berkeley.edu/spdata/lehman_moehle_1998/figb_7.jpg","force_displacement_data\371_figb_7.jpg","false",""
"371","photo","Column 1015 Spalled Region at 25-Inch Displacement","http://peer.berkeley.edu/spdata/lehman_moehle_1998/fig3_36.jpg","force_displacement_data\371_fig3_36.jpg","false",""
"372","graph","Force-Displacement Hysteresis","http://depts.washington.edu/columdat/circol/images/leh407.jpeg","force_displacement_data\372_leh407.jpeg","true","false"
"372","data","Force Displacement Data","http://depts.washington.edu/columdat/circol/txfiles/leh407.txt","force_displacement_data\372_leh407.txt","true","false"
"372","report","PEER-1998/01","http://peer.berkeley.edu/publications/peer_reports/reports_1998/9801.pdf","force_displacement_data\372_9801.pdf","true","false"
"373","graph","Force-Displacement Hysteresis","http://depts.washington.edu/columdat/circol/images/leh430.jpeg","force_displacement_data\373_leh430.jpeg","true","false"
"373","data","Force Displacement Data","http://depts.washington.edu/columdat/circol/txfiles/leh430.txt","force_displacement_data\373_leh430.txt","true","false"
"373","report","PEER-1998/01","http://peer.berkeley.edu/publications/peer_reports/reports_1998/9801.pdf","force_displacement_data\373_9801.pdf","true","false"
"373","photo","Column 430 Spalled Region","http://peer.berkeley.edu/spdata/lehman_moehle_1998/fig3_22.jpg","force_displacement_data\373_fig3_22.jpg","false",""
"374","graph","Force-Displacement Hysteresis","http://depts.washington.edu/columdat/circol/images/leh328.jpeg","force_displacement_data\374_leh328.jpeg","true","false"
"374","data","Force Displacement Data","http://depts.washington.edu/columdat/circol/txfiles/leh328.txt","force_displacement_data\374_leh328.txt","true","false"
"374","report","PEER-2000/08","http://peer.berkeley.edu/publications/peer_reports/reports_2000/0008.pdf","force_displacement_data\374_0008.pdf","true","false"
"375","graph","Force-Displacement Hysteresis","http://depts.washington.edu/columdat/circol/images/leh828.jpeg","force_displacement_data\375_leh828.jpeg","true","false"
"375","data","Force Displacement Data","http://depts.washington.edu/columdat/circol/txfiles/leh828.txt","force_displacement_data\375_leh828.txt","true","false"
"375","report","PEER-2000/08","http://peer.berkeley.edu/publications/peer_reports/reports_2000/0008.pdf","force_displacement_data\375_0008.pdf","true","false"
"376","graph","Force-Displacement Hysteresis","http://depts.washington.edu/columdat/circol/images/leh1028.jpeg","force_displacement_data\376_leh1028.jpeg","true","false"
"376","data","Force Displacement Data","http://depts.washington.edu/columdat/circol/txfiles/leh1028.txt","force_displacement_data\376_leh1028.txt","true","false"
"376","report","PEER-2000/08","http://peer.berkeley.edu/publications/peer_reports/reports_2000/0008.pdf","force_displacement_data\376_0008.pdf","true","false"
"377","graph","Force-Displacement Hysteresis","http://depts.washington.edu/columdat/circol/images/srtic1.jpeg","force_displacement_data\377_srtic1.jpeg","true","false"
"377","data","Force Displacement Data","http://depts.washington.edu/columdat/circol/txfiles/srtic1.txt","force_displacement_data\377_srtic1.txt","true","false"
"378","graph","Force-Displacement Hysteresis","http://depts.washington.edu/columdat/circol/images/srtic2.jpeg","force_displacement_data\378_srtic2.jpeg","true","false"
"378","data","Force Displacement Data","http://depts.washington.edu/columdat/circol/txfiles/srtic2.txt","force_displacement_data\378_srtic2.txt","true","false"
"379","graph","Force-Displacement Hysteresis","http://depts.washington.edu/columdat/circol/images/srtic3.jpeg","force_displacement_data\379_srtic3.jpeg","true","false"
"379","data","Force Displacement Data","http://depts.washington.edu/columdat/circol/txfiles/srtic3.txt","force_displacement_data\379_srtic3.txt","true","false"
"380","graph","Force-Displacement Hysteresis","http://depts.washington.edu/columdat/circol/images/saatrc1.jpeg","force_displacement_data\380_saatrc1.jpeg","true","false"
"380","data","Force Displacement Data","http://depts.washington.edu/columdat/circol/txfiles/saatrc1.txt","force_displacement_data\380_saatrc1.txt","true","false"
"381","graph","Force-Displacement Hysteresis","http://depts.washington.edu/columdat/circol/images/saatrc2.jpeg","force_displacement_data\381_saatrc2.jpeg","true","false"
"381","data","Force Displacement Data","http://depts.washington.edu/columdat/circol/txfiles/saatrc2.txt","force_displacement_data\381_saatrc2.txt","true","false"
"382","graph","Force-Displacement Hysteresis","http://depts.washington.edu/columdat/circol/images/saatrc3.jpeg","force_displacement_data\382_saatrc3.jpeg","true","false"
"382","data","Force Displacement Data","http://depts.washington.edu/columdat/circol/txfiles/saatrc3.txt","force_displacement_data\382_saatrc3.txt","true","false"
"383","graph","Force-Displacement Hysteresis","http://depts.washington.edu/columdat/circol/images/saatrc4.jpeg","force_displacement_data\383_saatrc4.jpeg","true","false"
"383","data","Force Displacement Data","http://depts.washington.edu/columdat/circol/txfiles/saatrc4.txt","force_displacement_data\383_saatrc4.txt","true","false"
"384","graph","Force-Displacement Hysteresis","http://depts.washington.edu/columdat/circol/images/saatrc6.jpeg","force_displacement_data\384_saatrc6.jpeg","true","false"
"384","data","Force Displacement Data","http://depts.washington.edu/columdat/circol/txfiles/saatrc6.txt","force_displacement_data\384_saatrc6.txt","true","false"
"385","graph","Force-Displacement Hysteresis","http://depts.washington.edu/columdat/circol/images/saatrc7.jpeg","force_displacement_data\385_saatrc7.jpeg","true","false"
"385","data","Force Displacement Data","http://depts.washington.edu/columdat/circol/txfiles/saatrc7.txt","force_displacement_data\385_saatrc7.txt","true","false"
"386","graph","Force-Displacement Hysteresis","http://depts.washington.edu/columdat/circol/images/saatrc8.jpeg","force_displacement_data\386_saatrc8.jpeg","true","false"
"386","data","Force Displacement Data","http://depts.washington.edu/columdat/circol/txfiles/saatrc8.txt","force_displacement_data\386_saatrc8.txt","true","false"
"387","graph","Force-Displacement Hysteresis","http://depts.washington.edu/columdat/circol/images/saatrc9.jpeg","force_displacement_data\387_saatrc9.jpeg","true","false"
"387","data","Force Displacement Data","http://depts.washington.edu/columdat/circol/txfiles/saatrc9.txt","force_displacement_data\387_saatrc9.txt","true","false"
"388","data","Force Displacement Data","http://depts.washington.edu/columdat/circol/txfiles/nelpric1.txt","force_displacement_data\388_nelpric1.txt","true","false"
"388","diagram","Test Setup","http://peer.berkeley.edu/spdata/nelson_price_2000/test_setup.gif","force_displacement_data\388_test_setup.gif","false",""
"389","data","Force Displacement Data","http://depts.washington.edu/columdat/circol/txfiles/nelpric2.txt","force_displacement_data\389_nelpric2.txt","true","false"
"389","photo","Column P2 Loss of Axial Load Capacity","http://peer.berkeley.edu/spdata/nelson_price_2000/column_p2.jpg","force_displacement_data\389_column_p2.jpg","false",""
"389","diagram","Test Setup","http://peer.berkeley.edu/spdata/nelson_price_2000/test_setup.gif","force_displacement_data\389_test_setup.gif","false",""
"390","data","Force Displacement Data","http://depts.washington.edu/columdat/circol/txfiles/nelpric3.txt","force_displacement_data\390_nelpric3.txt","true","false"
"390","photo","Column P3 Loss of Axial Load Capacity","http://peer.berkeley.edu/spdata/nelson_price_2000/column_p3.jpg","force_displacement_data\390_column_p3.jpg","false",""
"390","diagram","Test Setup","http://peer.berkeley.edu/spdata/nelson_price_2000/test_setup.gif","force_displacement_data\390_test_setup.gif","false",""
"391","data","Force Displacement Data","http://depts.washington.edu/columdat/circol/txfiles/nelpric4.txt","force_displacement_data\391_nelpric4.txt","true","false"
"391","diagram","Test Setup","http://peer.berkeley.edu/spdata/nelson_price_2000/test_setup.gif","force_displacement_data\391_test_setup.gif","false",""
"392","data","Force Displacement Data","http://depts.washington.edu/columdat/circol/txfiles/henr415p.txt","force_displacement_data\392_henr415p.txt","true","false"
"393","data","Force Displacement Data","http://depts.washington.edu/columdat/circol/txfiles/henr415s.txt","force_displacement_data\393_henr415s.txt","true","false"
"394","data","Force Displacement Data","http://depts.washington.edu/columdat/circol/txfiles/chait3.txt","force_displacement_data\394_chait3.txt","true","false"
"395","data","Force Displacement Data","http://depts.washington.edu/columdat/circol/txfiles/sod01C1.txt","force_displacement_data\395_sod01C1.txt","true","false"
"396","data","Force Displacement Data","http://depts.washington.edu/columdat/circol/txfiles/sod01C2.txt","force_displacement_data\396_sod01C2.txt","true","false"
"397","data","Force Displacement Data","http://depts.washington.edu/columdat/circol/txfiles/sod01C3.txt","force_displacement_data\397_sod01C3.txt","true","false"
"398","data","Force Displacement Data","http://depts.washington.edu/columdat/circol/txfiles/sod01C4.txt","force_displacement_data\398_sod01C4.txt","true","false"
"399","data","Force Displacement Data","http://depts.washington.edu/columdat/circol/txfiles/graf01C5.txt","force_displacement_data\399_graf01C5.txt","true","false"
"400","data","Force Displacement Data","http://depts.washington.edu/columdat/circol/txfiles/graf01C6.txt","force_displacement_data\400_graf01C6.txt","true","false"
"401","data","Force Displacement Data","http://depts.washington.edu/columdat/circol/txfiles/graf01C7.txt","force_displacement_data\401_graf01C7.txt","true","false"
"402","data","Force Displacement Data","http://depts.washington.edu/columdat/circol/txfiles/graf01C8.txt","force_displacement_data\402_graf01C8.txt","true","false"
"403","data","Force Displacement Data","http://depts.washington.edu/columdat/circol/txfiles/kow01no1.txt","force_displacement_data\403_kow01no1.txt","true","false"
"404","data","Force Displacement Data","http://depts.washington.edu/columdat/circol/txfiles/kow01no2.txt","force_displacement_data\404_kow01no2.txt","true","false"
"405","data","Force Displacement Data","http://depts.washington.edu/columdat/circol/txfiles/kow01no3.txt","force_displacement_data\405_kow01no3.txt","true","false"
"406","data","Force Displacement Data","http://depts.washington.edu/columdat/circol/txfiles/kow01no4.txt","force_displacement_data\406_kow01no4.txt","true","false"
"407","data","Force Displacement Data","http://depts.washington.edu/columdat/circol/txfiles/coffcol1.txt","force_displacement_data\407_coffcol1.txt","true","false"
"408","data","Force Displacement Data","http://depts.washington.edu/columdat/circol/txfiles/hamiltonuci1.txt","force_displacement_data\408_hamiltonuci1.txt","true","false"
"409","data","Force Displacement Data","http://depts.washington.edu/columdat/circol/txfiles/hamiltonuci2.txt","force_displacement_data\409_hamiltonuci2.txt","true","false"
"410","data","Force Displacement Data","http://depts.washington.edu/columdat/circol/txfiles/hamiltonuci3.txt","force_displacement_data\410_hamiltonuci3.txt","true","false"
"411","data","Force Displacement Data","http://depts.washington.edu/columdat/circol/txfiles/hamiltonuci4.txt","force_displacement_data\411_hamiltonuci4.txt","true","false"
"412","data","Force Displacement Data","http://depts.washington.edu/columdat/circol/txfiles/hamiltonuci5.txt","force_displacement_data\412_hamiltonuci5.txt","true","false"
"413","data","Force Displacement Data","http://depts.washington.edu/columdat/circol/txfiles/hamiltonuci6.txt","force_displacement_data\413_hamiltonuci6.txt","true","false"
"414","data","Force Displacement Data","http://depts.washington.edu/columdat/circol/txfiles/mcdanielS1.txt","force_displacement_data\414_mcdanielS1.txt","true","false"
"415","data","Force Displacement Data","http://depts.washington.edu/columdat/circol/txfiles/mcdanielS1-2.txt","force_displacement_data\415_mcdanielS1-2.txt","true","false"
"416","data","Force Displacement Data","http://depts.washington.edu/columdat/circol/txfiles/mcdanielS2.txt","force_displacement_data\416_mcdanielS2.txt","true","false"
