"id","kind","url","file","ok","skipped"
"1","xml","https://nisee.berkeley.edu/spd/servlet/display?format=xml&id=1","records_xml\001.xml","true","true"
"1","html","https://nisee.berkeley.edu/spd/servlet/display?format=html&id=1","records_html\001.html","true","true"
"2","xml","https://nisee.berkeley.edu/spd/servlet/display?format=xml&id=2","records_xml\002.xml","true","true"
"2","html","https://nisee.berkeley.edu/spd/servlet/display?format=html&id=2","records_html\002.html","true","true"
"3","xml","https://nisee.berkeley.edu/spd/servlet/display?format=xml&id=3","records_xml\003.xml","true","true"
"3","html","https://nisee.berkeley.edu/spd/servlet/display?format=html&id=3","records_html\003.html","true","true"
"4","xml","https://nisee.berkeley.edu/spd/servlet/display?format=xml&id=4","records_xml\004.xml","true","true"
"4","html","https://nisee.berkeley.edu/spd/servlet/display?format=html&id=4","records_html\004.html","true","true"
"5","xml","https://nisee.berkeley.edu/spd/servlet/display?format=xml&id=5","records_xml\005.xml","true","true"
"5","html","https://nisee.berkeley.edu/spd/servlet/display?format=html&id=5","records_html\005.html","true","true"
"6","xml","https://nisee.berkeley.edu/spd/servlet/display?format=xml&id=6","records_xml\006.xml","true","true"
"6","html","https://nisee.berkeley.edu/spd/servlet/display?format=html&id=6","records_html\006.html","true","true"
"7","xml","https://nisee.berkeley.edu/spd/servlet/display?format=xml&id=7","records_xml\007.xml","true","true"
"7","html","https://nisee.berkeley.edu/spd/servlet/display?format=html&id=7","records_html\007.html","true","true"
"8","xml","https://nisee.berkeley.edu/spd/servlet/display?format=xml&id=8","records_xml\008.xml","true","true"
"8","html","https://nisee.berkeley.edu/spd/servlet/display?format=html&id=8","records_html\008.html","true","true"
"9","xml","https://nisee.berkeley.edu/spd/servlet/display?format=xml&id=9","records_xml\009.xml","true","true"
"9","html","https://nisee.berkeley.edu/spd/servlet/display?format=html&id=9","records_html\009.html","true","true"
"10","xml","https://nisee.berkeley.edu/spd/servlet/display?format=xml&id=10","records_xml\010.xml","true","true"
"10","html","https://nisee.berkeley.edu/spd/servlet/display?format=html&id=10","records_html\010.html","true","true"
"11","xml","https://nisee.berkeley.edu/spd/servlet/display?format=xml&id=11","records_xml\011.xml","true","true"
"11","html","https://nisee.berkeley.edu/spd/servlet/display?format=html&id=11","records_html\011.html","true","true"
"12","xml","https://nisee.berkeley.edu/spd/servlet/display?format=xml&id=12","records_xml\012.xml","true","true"
"12","html","https://nisee.berkeley.edu/spd/servlet/display?format=html&id=12","records_html\012.html","true","true"
"13","xml","https://nisee.berkeley.edu/spd/servlet/display?format=xml&id=13","records_xml\013.xml","true","true"
"13","html","https://nisee.berkeley.edu/spd/servlet/display?format=html&id=13","records_html\013.html","true","true"
"14","xml","https://nisee.berkeley.edu/spd/servlet/display?format=xml&id=14","records_xml\014.xml","true","true"
"14","html","https://nisee.berkeley.edu/spd/servlet/display?format=html&id=14","records_html\014.html","true","true"
"15","xml","https://nisee.berkeley.edu/spd/servlet/display?format=xml&id=15","records_xml\015.xml","true","true"
"15","html","https://nisee.berkeley.edu/spd/servlet/display?format=html&id=15","records_html\015.html","true","true"
"16","xml","https://nisee.berkeley.edu/spd/servlet/display?format=xml&id=16","records_xml\016.xml","true","true"
"16","html","https://nisee.berkeley.edu/spd/servlet/display?format=html&id=16","records_html\016.html","true","true"
"17","xml","https://nisee.berkeley.edu/spd/servlet/display?format=xml&id=17","records_xml\017.xml","true","true"
"17","html","https://nisee.berkeley.edu/spd/servlet/display?format=html&id=17","records_html\017.html","true","true"
"18","xml","https://nisee.berkeley.edu/spd/servlet/display?format=xml&id=18","records_xml\018.xml","true","true"
"18","html","https://nisee.berkeley.edu/spd/servlet/display?format=html&id=18","records_html\018.html","true","true"
"19","xml","https://nisee.berkeley.edu/spd/servlet/display?format=xml&id=19","records_xml\019.xml","true","true"
"19","html","https://nisee.berkeley.edu/spd/servlet/display?format=html&id=19","records_html\019.html","true","true"
"20","xml","https://nisee.berkeley.edu/spd/servlet/display?format=xml&id=20","records_xml\020.xml","true","true"
"20","html","https://nisee.berkeley.edu/spd/servlet/display?format=html&id=20","records_html\020.html","true","true"
"21","xml","https://nisee.berkeley.edu/spd/servlet/display?format=xml&id=21","records_xml\021.xml","true","true"
"21","html","https://nisee.berkeley.edu/spd/servlet/display?format=html&id=21","records_html\021.html","true","true"
"22","xml","https://nisee.berkeley.edu/spd/servlet/display?format=xml&id=22","records_xml\022.xml","true","true"
"22","html","https://nisee.berkeley.edu/spd/servlet/display?format=html&id=22","records_html\022.html","true","true"
"23","xml","https://nisee.berkeley.edu/spd/servlet/display?format=xml&id=23","records_xml\023.xml","true","true"
"23","html","https://nisee.berkeley.edu/spd/servlet/display?format=html&id=23","records_html\023.html","true","true"
"24","xml","https://nisee.berkeley.edu/spd/servlet/display?format=xml&id=24","records_xml\024.xml","true","true"
"24","html","https://nisee.berkeley.edu/spd/servlet/display?format=html&id=24","records_html\024.html","true","true"
"25","xml","https://nisee.berkeley.edu/spd/servlet/display?format=xml&id=25","records_xml\025.xml","true","true"
"25","html","https://nisee.berkeley.edu/spd/servlet/display?format=html&id=25","records_html\025.html","true","true"
"26","xml","https://nisee.berkeley.edu/spd/servlet/display?format=xml&id=26","records_xml\026.xml","true","true"
"26","html","https://nisee.berkeley.edu/spd/servlet/display?format=html&id=26","records_html\026.html","true","true"
"27","xml","https://nisee.berkeley.edu/spd/servlet/display?format=xml&id=27","records_xml\027.xml","true","true"
"27","html","https://nisee.berkeley.edu/spd/servlet/display?format=html&id=27","records_html\027.html","true","true"
"28","xml","https://nisee.berkeley.edu/spd/servlet/display?format=xml&id=28","records_xml\028.xml","true","true"
"28","html","https://nisee.berkeley.edu/spd/servlet/display?format=html&id=28","records_html\028.html","true","true"
"29","xml","https://nisee.berkeley.edu/spd/servlet/display?format=xml&id=29","records_xml\029.xml","true","true"
"29","html","https://nisee.berkeley.edu/spd/servlet/display?format=html&id=29","records_html\029.html","true","true"
"30","xml","https://nisee.berkeley.edu/spd/servlet/display?format=xml&id=30","records_xml\030.xml","true","true"
"30","html","https://nisee.berkeley.edu/spd/servlet/display?format=html&id=30","records_html\030.html","true","true"
"31","xml","https://nisee.berkeley.edu/spd/servlet/display?format=xml&id=31","records_xml\031.xml","true","true"
"31","html","https://nisee.berkeley.edu/spd/servlet/display?format=html&id=31","records_html\031.html","true","true"
"32","xml","https://nisee.berkeley.edu/spd/servlet/display?format=xml&id=32","records_xml\032.xml","true","true"
"32","html","https://nisee.berkeley.edu/spd/servlet/display?format=html&id=32","records_html\032.html","true","true"
"33","xml","https://nisee.berkeley.edu/spd/servlet/display?format=xml&id=33","records_xml\033.xml","true","true"
"33","html","https://nisee.berkeley.edu/spd/servlet/display?format=html&id=33","records_html\033.html","true","true"
"34","xml","https://nisee.berkeley.edu/spd/servlet/display?format=xml&id=34","records_xml\034.xml","true","false"
"34","html","https://nisee.berkeley.edu/spd/servlet/display?format=html&id=34","records_html\034.html","true","false"
"35","xml","https://nisee.berkeley.edu/spd/servlet/display?format=xml&id=35","records_xml\035.xml","true","false"
"35","html","https://nisee.berkeley.edu/spd/servlet/display?format=html&id=35","records_html\035.html","true","false"
"36","xml","https://nisee.berkeley.edu/spd/servlet/display?format=xml&id=36","records_xml\036.xml","true","false"
"36","html","https://nisee.berkeley.edu/spd/servlet/display?format=html&id=36","records_html\036.html","true","false"
"37","xml","https://nisee.berkeley.edu/spd/servlet/display?format=xml&id=37","records_xml\037.xml","true","false"
"37","html","https://nisee.berkeley.edu/spd/servlet/display?format=html&id=37","records_html\037.html","true","false"
"38","xml","https://nisee.berkeley.edu/spd/servlet/display?format=xml&id=38","records_xml\038.xml","true","false"
"38","html","https://nisee.berkeley.edu/spd/servlet/display?format=html&id=38","records_html\038.html","true","false"
"39","xml","https://nisee.berkeley.edu/spd/servlet/display?format=xml&id=39","records_xml\039.xml","true","false"
"39","html","https://nisee.berkeley.edu/spd/servlet/display?format=html&id=39","records_html\039.html","true","false"
"40","xml","https://nisee.berkeley.edu/spd/servlet/display?format=xml&id=40","records_xml\040.xml","true","false"
"40","html","https://nisee.berkeley.edu/spd/servlet/display?format=html&id=40","records_html\040.html","true","false"
"41","xml","https://nisee.berkeley.edu/spd/servlet/display?format=xml&id=41","records_xml\041.xml","true","false"
"41","html","https://nisee.berkeley.edu/spd/servlet/display?format=html&id=41","records_html\041.html","true","false"
"42","xml","https://nisee.berkeley.edu/spd/servlet/display?format=xml&id=42","records_xml\042.xml","true","false"
"42","html","https://nisee.berkeley.edu/spd/servlet/display?format=html&id=42","records_html\042.html","true","false"
"43","xml","https://nisee.berkeley.edu/spd/servlet/display?format=xml&id=43","records_xml\043.xml","true","false"
"43","html","https://nisee.berkeley.edu/spd/servlet/display?format=html&id=43","records_html\043.html","true","false"
"44","xml","https://nisee.berkeley.edu/spd/servlet/display?format=xml&id=44","records_xml\044.xml","true","false"
"44","html","https://nisee.berkeley.edu/spd/servlet/display?format=html&id=44","records_html\044.html","true","false"
"45","xml","https://nisee.berkeley.edu/spd/servlet/display?format=xml&id=45","records_xml\045.xml","true","false"
"45","html","https://nisee.berkeley.edu/spd/servlet/display?format=html&id=45","records_html\045.html","true","false"
"46","xml","https://nisee.berkeley.edu/spd/servlet/display?format=xml&id=46","records_xml\046.xml","true","false"
"46","html","https://nisee.berkeley.edu/spd/servlet/display?format=html&id=46","records_html\046.html","true","false"
"47","xml","https://nisee.berkeley.edu/spd/servlet/display?format=xml&id=47","records_xml\047.xml","true","false"
"47","html","https://nisee.berkeley.edu/spd/servlet/display?format=html&id=47","records_html\047.html","true","false"
"48","xml","https://nisee.berkeley.edu/spd/servlet/display?format=xml&id=48","records_xml\048.xml","true","false"
"48","html","https://nisee.berkeley.edu/spd/servlet/display?format=html&id=48","records_html\048.html","true","false"
"49","xml","https://nisee.berkeley.edu/spd/servlet/display?format=xml&id=49","records_xml\049.xml","true","false"
"49","html","https://nisee.berkeley.edu/spd/servlet/display?format=html&id=49","records_html\049.html","true","false"
"50","xml","https://nisee.berkeley.edu/spd/servlet/display?format=xml&id=50","records_xml\050.xml","true","false"
"50","html","https://nisee.berkeley.edu/spd/servlet/display?format=html&id=50","records_html\050.html","true","false"
"51","xml","https://nisee.berkeley.edu/spd/servlet/display?format=xml&id=51","records_xml\051.xml","true","false"
"51","html","https://nisee.berkeley.edu/spd/servlet/display?format=html&id=51","records_html\051.html","true","false"
"52","xml","https://nisee.berkeley.edu/spd/servlet/display?format=xml&id=52","records_xml\052.xml","true","false"
"52","html","https://nisee.berkeley.edu/spd/servlet/display?format=html&id=52","records_html\052.html","true","false"
"53","xml","https://nisee.berkeley.edu/spd/servlet/display?format=xml&id=53","records_xml\053.xml","true","false"
"53","html","https://nisee.berkeley.edu/spd/servlet/display?format=html&id=53","records_html\053.html","true","false"
"54","xml","https://nisee.berkeley.edu/spd/servlet/display?format=xml&id=54","records_xml\054.xml","true","false"
"54","html","https://nisee.berkeley.edu/spd/servlet/display?format=html&id=54","records_html\054.html","true","false"
"55","xml","https://nisee.berkeley.edu/spd/servlet/display?format=xml&id=55","records_xml\055.xml","true","false"
"55","html","https://nisee.berkeley.edu/spd/servlet/display?format=html&id=55","records_html\055.html","true","false"
"56","xml","https://nisee.berkeley.edu/spd/servlet/display?format=xml&id=56","records_xml\056.xml","true","false"
"56","html","https://nisee.berkeley.edu/spd/servlet/display?format=html&id=56","records_html\056.html","true","false"
"57","xml","https://nisee.berkeley.edu/spd/servlet/display?format=xml&id=57","records_xml\057.xml","true","false"
"57","html","https://nisee.berkeley.edu/spd/servlet/display?format=html&id=57","records_html\057.html","true","false"
"58","xml","https://nisee.berkeley.edu/spd/servlet/display?format=xml&id=58","records_xml\058.xml","true","false"
"58","html","https://nisee.berkeley.edu/spd/servlet/display?format=html&id=58","records_html\058.html","true","false"
"59","xml","https://nisee.berkeley.edu/spd/servlet/display?format=xml&id=59","records_xml\059.xml","true","false"
"59","html","https://nisee.berkeley.edu/spd/servlet/display?format=html&id=59","records_html\059.html","true","false"
"60","xml","https://nisee.berkeley.edu/spd/servlet/display?format=xml&id=60","records_xml\060.xml","true","false"
"60","html","https://nisee.berkeley.edu/spd/servlet/display?format=html&id=60","records_html\060.html","true","false"
"61","xml","https://nisee.berkeley.edu/spd/servlet/display?format=xml&id=61","records_xml\061.xml","true","false"
"61","html","https://nisee.berkeley.edu/spd/servlet/display?format=html&id=61","records_html\061.html","true","false"
"62","xml","https://nisee.berkeley.edu/spd/servlet/display?format=xml&id=62","records_xml\062.xml","true","false"
"62","html","https://nisee.berkeley.edu/spd/servlet/display?format=html&id=62","records_html\062.html","true","false"
"63","xml","https://nisee.berkeley.edu/spd/servlet/display?format=xml&id=63","records_xml\063.xml","true","false"
"63","html","https://nisee.berkeley.edu/spd/servlet/display?format=html&id=63","records_html\063.html","true","false"
"64","xml","https://nisee.berkeley.edu/spd/servlet/display?format=xml&id=64","records_xml\064.xml","true","false"
"64","html","https://nisee.berkeley.edu/spd/servlet/display?format=html&id=64","records_html\064.html","true","false"
"65","xml","https://nisee.berkeley.edu/spd/servlet/display?format=xml&id=65","records_xml\065.xml","true","false"
"65","html","https://nisee.berkeley.edu/spd/servlet/display?format=html&id=65","records_html\065.html","true","false"
"66","xml","https://nisee.berkeley.edu/spd/servlet/display?format=xml&id=66","records_xml\066.xml","true","false"
"66","html","https://nisee.berkeley.edu/spd/servlet/display?format=html&id=66","records_html\066.html","true","false"
"67","xml","https://nisee.berkeley.edu/spd/servlet/display?format=xml&id=67","records_xml\067.xml","true","false"
"67","html","https://nisee.berkeley.edu/spd/servlet/display?format=html&id=67","records_html\067.html","true","false"
"68","xml","https://nisee.berkeley.edu/spd/servlet/display?format=xml&id=68","records_xml\068.xml","true","false"
"68","html","https://nisee.berkeley.edu/spd/servlet/display?format=html&id=68","records_html\068.html","true","false"
"69","xml","https://nisee.berkeley.edu/spd/servlet/display?format=xml&id=69","records_xml\069.xml","true","false"
"69","html","https://nisee.berkeley.edu/spd/servlet/display?format=html&id=69","records_html\069.html","true","false"
"70","xml","https://nisee.berkeley.edu/spd/servlet/display?format=xml&id=70","records_xml\070.xml","true","false"
"70","html","https://nisee.berkeley.edu/spd/servlet/display?format=html&id=70","records_html\070.html","true","false"
"71","xml","https://nisee.berkeley.edu/spd/servlet/display?format=xml&id=71","records_xml\071.xml","true","false"
"71","html","https://nisee.berkeley.edu/spd/servlet/display?format=html&id=71","records_html\071.html","true","false"
"72","xml","https://nisee.berkeley.edu/spd/servlet/display?format=xml&id=72","records_xml\072.xml","true","false"
"72","html","https://nisee.berkeley.edu/spd/servlet/display?format=html&id=72","records_html\072.html","true","false"
"73","xml","https://nisee.berkeley.edu/spd/servlet/display?format=xml&id=73","records_xml\073.xml","true","false"
"73","html","https://nisee.berkeley.edu/spd/servlet/display?format=html&id=73","records_html\073.html","true","false"
"74","xml","https://nisee.berkeley.edu/spd/servlet/display?format=xml&id=74","records_xml\074.xml","true","false"
"74","html","https://nisee.berkeley.edu/spd/servlet/display?format=html&id=74","records_html\074.html","true","false"
"75","xml","https://nisee.berkeley.edu/spd/servlet/display?format=xml&id=75","records_xml\075.xml","true","false"
"75","html","https://nisee.berkeley.edu/spd/servlet/display?format=html&id=75","records_html\075.html","true","false"
"76","xml","https://nisee.berkeley.edu/spd/servlet/display?format=xml&id=76","records_xml\076.xml","true","false"
"76","html","https://nisee.berkeley.edu/spd/servlet/display?format=html&id=76","records_html\076.html","true","false"
"77","xml","https://nisee.berkeley.edu/spd/servlet/display?format=xml&id=77","records_xml\077.xml","true","false"
"77","html","https://nisee.berkeley.edu/spd/servlet/display?format=html&id=77","records_html\077.html","true","false"
"78","xml","https://nisee.berkeley.edu/spd/servlet/display?format=xml&id=78","records_xml\078.xml","true","false"
"78","html","https://nisee.berkeley.edu/spd/servlet/display?format=html&id=78","records_html\078.html","true","false"
"79","xml","https://nisee.berkeley.edu/spd/servlet/display?format=xml&id=79","records_xml\079.xml","true","false"
"79","html","https://nisee.berkeley.edu/spd/servlet/display?format=html&id=79","records_html\079.html","true","false"
"80","xml","https://nisee.berkeley.edu/spd/servlet/display?format=xml&id=80","records_xml\080.xml","true","false"
"80","html","https://nisee.berkeley.edu/spd/servlet/display?format=html&id=80","records_html\080.html","true","false"
"81","xml","https://nisee.berkeley.edu/spd/servlet/display?format=xml&id=81","records_xml\081.xml","true","false"
"81","html","https://nisee.berkeley.edu/spd/servlet/display?format=html&id=81","records_html\081.html","true","false"
"82","xml","https://nisee.berkeley.edu/spd/servlet/display?format=xml&id=82","records_xml\082.xml","true","false"
"82","html","https://nisee.berkeley.edu/spd/servlet/display?format=html&id=82","records_html\082.html","true","false"
"83","xml","https://nisee.berkeley.edu/spd/servlet/display?format=xml&id=83","records_xml\083.xml","true","false"
"83","html","https://nisee.berkeley.edu/spd/servlet/display?format=html&id=83","records_html\083.html","true","false"
"84","xml","https://nisee.berkeley.edu/spd/servlet/display?format=xml&id=84","records_xml\084.xml","true","false"
"84","html","https://nisee.berkeley.edu/spd/servlet/display?format=html&id=84","records_html\084.html","true","false"
"85","xml","https://nisee.berkeley.edu/spd/servlet/display?format=xml&id=85","records_xml\085.xml","true","false"
"85","html","https://nisee.berkeley.edu/spd/servlet/display?format=html&id=85","records_html\085.html","true","false"
"86","xml","https://nisee.berkeley.edu/spd/servlet/display?format=xml&id=86","records_xml\086.xml","true","false"
"86","html","https://nisee.berkeley.edu/spd/servlet/display?format=html&id=86","records_html\086.html","true","false"
"87","xml","https://nisee.berkeley.edu/spd/servlet/display?format=xml&id=87","records_xml\087.xml","true","false"
"87","html","https://nisee.berkeley.edu/spd/servlet/display?format=html&id=87","records_html\087.html","true","false"
"88","xml","https://nisee.berkeley.edu/spd/servlet/display?format=xml&id=88","records_xml\088.xml","true","false"
"88","html","https://nisee.berkeley.edu/spd/servlet/display?format=html&id=88","records_html\088.html","true","false"
"89","xml","https://nisee.berkeley.edu/spd/servlet/display?format=xml&id=89","records_xml\089.xml","true","false"
"89","html","https://nisee.berkeley.edu/spd/servlet/display?format=html&id=89","records_html\089.html","true","false"
"90","xml","https://nisee.berkeley.edu/spd/servlet/display?format=xml&id=90","records_xml\090.xml","true","false"
"90","html","https://nisee.berkeley.edu/spd/servlet/display?format=html&id=90","records_html\090.html","true","false"
"91","xml","https://nisee.berkeley.edu/spd/servlet/display?format=xml&id=91","records_xml\091.xml","true","false"
"91","html","https://nisee.berkeley.edu/spd/servlet/display?format=html&id=91","records_html\091.html","true","false"
"92","xml","https://nisee.berkeley.edu/spd/servlet/display?format=xml&id=92","records_xml\092.xml","true","false"
"92","html","https://nisee.berkeley.edu/spd/servlet/display?format=html&id=92","records_html\092.html","true","false"
"93","xml","https://nisee.berkeley.edu/spd/servlet/display?format=xml&id=93","records_xml\093.xml","true","false"
"93","html","https://nisee.berkeley.edu/spd/servlet/display?format=html&id=93","records_html\093.html","true","false"
"94","xml","https://nisee.berkeley.edu/spd/servlet/display?format=xml&id=94","records_xml\094.xml","true","false"
"94","html","https://nisee.berkeley.edu/spd/servlet/display?format=html&id=94","records_html\094.html","true","false"
"95","xml","https://nisee.berkeley.edu/spd/servlet/display?format=xml&id=95","records_xml\095.xml","true","false"
"95","html","https://nisee.berkeley.edu/spd/servlet/display?format=html&id=95","records_html\095.html","true","false"
"96","xml","https://nisee.berkeley.edu/spd/servlet/display?format=xml&id=96","records_xml\096.xml","true","false"
"96","html","https://nisee.berkeley.edu/spd/servlet/display?format=html&id=96","records_html\096.html","true","false"
"97","xml","https://nisee.berkeley.edu/spd/servlet/display?format=xml&id=97","records_xml\097.xml","true","false"
"97","html","https://nisee.berkeley.edu/spd/servlet/display?format=html&id=97","records_html\097.html","true","false"
"98","xml","https://nisee.berkeley.edu/spd/servlet/display?format=xml&id=98","records_xml\098.xml","true","false"
"98","html","https://nisee.berkeley.edu/spd/servlet/display?format=html&id=98","records_html\098.html","true","false"
"99","xml","https://nisee.berkeley.edu/spd/servlet/display?format=xml&id=99","records_xml\099.xml","true","false"
"99","html","https://nisee.berkeley.edu/spd/servlet/display?format=html&id=99","records_html\099.html","true","false"
"100","xml","https://nisee.berkeley.edu/spd/servlet/display?format=xml&id=100","records_xml\100.xml","true","false"
"100","html","https://nisee.berkeley.edu/spd/servlet/display?format=html&id=100","records_html\100.html","true","false"
"101","xml","https://nisee.berkeley.edu/spd/servlet/display?format=xml&id=101","records_xml\101.xml","true","false"
"101","html","https://nisee.berkeley.edu/spd/servlet/display?format=html&id=101","records_html\101.html","true","false"
"102","xml","https://nisee.berkeley.edu/spd/servlet/display?format=xml&id=102","records_xml\102.xml","true","false"
"102","html","https://nisee.berkeley.edu/spd/servlet/display?format=html&id=102","records_html\102.html","true","false"
"103","xml","https://nisee.berkeley.edu/spd/servlet/display?format=xml&id=103","records_xml\103.xml","true","false"
"103","html","https://nisee.berkeley.edu/spd/servlet/display?format=html&id=103","records_html\103.html","true","false"
"104","xml","https://nisee.berkeley.edu/spd/servlet/display?format=xml&id=104","records_xml\104.xml","true","false"
"104","html","https://nisee.berkeley.edu/spd/servlet/display?format=html&id=104","records_html\104.html","true","false"
"105","xml","https://nisee.berkeley.edu/spd/servlet/display?format=xml&id=105","records_xml\105.xml","true","false"
"105","html","https://nisee.berkeley.edu/spd/servlet/display?format=html&id=105","records_html\105.html","true","false"
"106","xml","https://nisee.berkeley.edu/spd/servlet/display?format=xml&id=106","records_xml\106.xml","true","false"
"106","html","https://nisee.berkeley.edu/spd/servlet/display?format=html&id=106","records_html\106.html","true","false"
"107","xml","https://nisee.berkeley.edu/spd/servlet/display?format=xml&id=107","records_xml\107.xml","true","false"
"107","html","https://nisee.berkeley.edu/spd/servlet/display?format=html&id=107","records_html\107.html","true","false"
"108","xml","https://nisee.berkeley.edu/spd/servlet/display?format=xml&id=108","records_xml\108.xml","true","false"
"108","html","https://nisee.berkeley.edu/spd/servlet/display?format=html&id=108","records_html\108.html","true","false"
"109","xml","https://nisee.berkeley.edu/spd/servlet/display?format=xml&id=109","records_xml\109.xml","true","false"
"109","html","https://nisee.berkeley.edu/spd/servlet/display?format=html&id=109","records_html\109.html","true","false"
"110","xml","https://nisee.berkeley.edu/spd/servlet/display?format=xml&id=110","records_xml\110.xml","true","false"
"110","html","https://nisee.berkeley.edu/spd/servlet/display?format=html&id=110","records_html\110.html","true","false"
"111","xml","https://nisee.berkeley.edu/spd/servlet/display?format=xml&id=111","records_xml\111.xml","true","false"
"111","html","https://nisee.berkeley.edu/spd/servlet/display?format=html&id=111","records_html\111.html","true","false"
"112","xml","https://nisee.berkeley.edu/spd/servlet/display?format=xml&id=112","records_xml\112.xml","true","false"
"112","html","https://nisee.berkeley.edu/spd/servlet/display?format=html&id=112","records_html\112.html","true","false"
"113","xml","https://nisee.berkeley.edu/spd/servlet/display?format=xml&id=113","records_xml\113.xml","true","false"
"113","html","https://nisee.berkeley.edu/spd/servlet/display?format=html&id=113","records_html\113.html","true","false"
"114","xml","https://nisee.berkeley.edu/spd/servlet/display?format=xml&id=114","records_xml\114.xml","true","false"
"114","html","https://nisee.berkeley.edu/spd/servlet/display?format=html&id=114","records_html\114.html","true","false"
"115","xml","https://nisee.berkeley.edu/spd/servlet/display?format=xml&id=115","records_xml\115.xml","true","false"
"115","html","https://nisee.berkeley.edu/spd/servlet/display?format=html&id=115","records_html\115.html","true","false"
"116","xml","https://nisee.berkeley.edu/spd/servlet/display?format=xml&id=116","records_xml\116.xml","true","false"
"116","html","https://nisee.berkeley.edu/spd/servlet/display?format=html&id=116","records_html\116.html","true","false"
"117","xml","https://nisee.berkeley.edu/spd/servlet/display?format=xml&id=117","records_xml\117.xml","true","false"
"117","html","https://nisee.berkeley.edu/spd/servlet/display?format=html&id=117","records_html\117.html","true","false"
"118","xml","https://nisee.berkeley.edu/spd/servlet/display?format=xml&id=118","records_xml\118.xml","true","false"
"118","html","https://nisee.berkeley.edu/spd/servlet/display?format=html&id=118","records_html\118.html","true","false"
"119","xml","https://nisee.berkeley.edu/spd/servlet/display?format=xml&id=119","records_xml\119.xml","true","false"
"119","html","https://nisee.berkeley.edu/spd/servlet/display?format=html&id=119","records_html\119.html","true","false"
"120","xml","https://nisee.berkeley.edu/spd/servlet/display?format=xml&id=120","records_xml\120.xml","true","false"
"120","html","https://nisee.berkeley.edu/spd/servlet/display?format=html&id=120","records_html\120.html","true","false"
"121","xml","https://nisee.berkeley.edu/spd/servlet/display?format=xml&id=121","records_xml\121.xml","true","false"
"121","html","https://nisee.berkeley.edu/spd/servlet/display?format=html&id=121","records_html\121.html","true","false"
"122","xml","https://nisee.berkeley.edu/spd/servlet/display?format=xml&id=122","records_xml\122.xml","true","false"
"122","html","https://nisee.berkeley.edu/spd/servlet/display?format=html&id=122","records_html\122.html","true","false"
"123","xml","https://nisee.berkeley.edu/spd/servlet/display?format=xml&id=123","records_xml\123.xml","true","false"
"123","html","https://nisee.berkeley.edu/spd/servlet/display?format=html&id=123","records_html\123.html","true","false"
"124","xml","https://nisee.berkeley.edu/spd/servlet/display?format=xml&id=124","records_xml\124.xml","true","false"
"124","html","https://nisee.berkeley.edu/spd/servlet/display?format=html&id=124","records_html\124.html","true","false"
"125","xml","https://nisee.berkeley.edu/spd/servlet/display?format=xml&id=125","records_xml\125.xml","true","false"
"125","html","https://nisee.berkeley.edu/spd/servlet/display?format=html&id=125","records_html\125.html","true","false"
"126","xml","https://nisee.berkeley.edu/spd/servlet/display?format=xml&id=126","records_xml\126.xml","true","false"
"126","html","https://nisee.berkeley.edu/spd/servlet/display?format=html&id=126","records_html\126.html","true","false"
"127","xml","https://nisee.berkeley.edu/spd/servlet/display?format=xml&id=127","records_xml\127.xml","true","false"
"127","html","https://nisee.berkeley.edu/spd/servlet/display?format=html&id=127","records_html\127.html","true","false"
"128","xml","https://nisee.berkeley.edu/spd/servlet/display?format=xml&id=128","records_xml\128.xml","true","false"
"128","html","https://nisee.berkeley.edu/spd/servlet/display?format=html&id=128","records_html\128.html","true","false"
"129","xml","https://nisee.berkeley.edu/spd/servlet/display?format=xml&id=129","records_xml\129.xml","true","false"
"129","html","https://nisee.berkeley.edu/spd/servlet/display?format=html&id=129","records_html\129.html","true","false"
"130","xml","https://nisee.berkeley.edu/spd/servlet/display?format=xml&id=130","records_xml\130.xml","true","false"
"130","html","https://nisee.berkeley.edu/spd/servlet/display?format=html&id=130","records_html\130.html","true","false"
"131","xml","https://nisee.berkeley.edu/spd/servlet/display?format=xml&id=131","records_xml\131.xml","true","false"
"131","html","https://nisee.berkeley.edu/spd/servlet/display?format=html&id=131","records_html\131.html","true","false"
"132","xml","https://nisee.berkeley.edu/spd/servlet/display?format=xml&id=132","records_xml\132.xml","true","false"
"132","html","https://nisee.berkeley.edu/spd/servlet/display?format=html&id=132","records_html\132.html","true","false"
"133","xml","https://nisee.berkeley.edu/spd/servlet/display?format=xml&id=133","records_xml\133.xml","true","false"
"133","html","https://nisee.berkeley.edu/spd/servlet/display?format=html&id=133","records_html\133.html","true","false"
"134","xml","https://nisee.berkeley.edu/spd/servlet/display?format=xml&id=134","records_xml\134.xml","true","false"
"134","html","https://nisee.berkeley.edu/spd/servlet/display?format=html&id=134","records_html\134.html","true","false"
"135","xml","https://nisee.berkeley.edu/spd/servlet/display?format=xml&id=135","records_xml\135.xml","true","false"
"135","html","https://nisee.berkeley.edu/spd/servlet/display?format=html&id=135","records_html\135.html","true","false"
"136","xml","https://nisee.berkeley.edu/spd/servlet/display?format=xml&id=136","records_xml\136.xml","true","false"
"136","html","https://nisee.berkeley.edu/spd/servlet/display?format=html&id=136","records_html\136.html","true","false"
"137","xml","https://nisee.berkeley.edu/spd/servlet/display?format=xml&id=137","records_xml\137.xml","true","false"
"137","html","https://nisee.berkeley.edu/spd/servlet/display?format=html&id=137","records_html\137.html","true","false"
"138","xml","https://nisee.berkeley.edu/spd/servlet/display?format=xml&id=138","records_xml\138.xml","true","false"
"138","html","https://nisee.berkeley.edu/spd/servlet/display?format=html&id=138","records_html\138.html","true","false"
"139","xml","https://nisee.berkeley.edu/spd/servlet/display?format=xml&id=139","records_xml\139.xml","true","false"
"139","html","https://nisee.berkeley.edu/spd/servlet/display?format=html&id=139","records_html\139.html","true","false"
"140","xml","https://nisee.berkeley.edu/spd/servlet/display?format=xml&id=140","records_xml\140.xml","true","false"
"140","html","https://nisee.berkeley.edu/spd/servlet/display?format=html&id=140","records_html\140.html","true","false"
"141","xml","https://nisee.berkeley.edu/spd/servlet/display?format=xml&id=141","records_xml\141.xml","true","false"
"141","html","https://nisee.berkeley.edu/spd/servlet/display?format=html&id=141","records_html\141.html","true","false"
"142","xml","https://nisee.berkeley.edu/spd/servlet/display?format=xml&id=142","records_xml\142.xml","true","false"
"142","html","https://nisee.berkeley.edu/spd/servlet/display?format=html&id=142","records_html\142.html","true","false"
"143","xml","https://nisee.berkeley.edu/spd/servlet/display?format=xml&id=143","records_xml\143.xml","true","false"
"143","html","https://nisee.berkeley.edu/spd/servlet/display?format=html&id=143","records_html\143.html","true","false"
"144","xml","https://nisee.berkeley.edu/spd/servlet/display?format=xml&id=144","records_xml\144.xml","true","false"
"144","html","https://nisee.berkeley.edu/spd/servlet/display?format=html&id=144","records_html\144.html","true","false"
"145","xml","https://nisee.berkeley.edu/spd/servlet/display?format=xml&id=145","records_xml\145.xml","true","false"
"145","html","https://nisee.berkeley.edu/spd/servlet/display?format=html&id=145","records_html\145.html","true","false"
"146","xml","https://nisee.berkeley.edu/spd/servlet/display?format=xml&id=146","records_xml\146.xml","true","false"
"146","html","https://nisee.berkeley.edu/spd/servlet/display?format=html&id=146","records_html\146.html","true","false"
"147","xml","https://nisee.berkeley.edu/spd/servlet/display?format=xml&id=147","records_xml\147.xml","true","false"
"147","html","https://nisee.berkeley.edu/spd/servlet/display?format=html&id=147","records_html\147.html","true","false"
"148","xml","https://nisee.berkeley.edu/spd/servlet/display?format=xml&id=148","records_xml\148.xml","true","false"
"148","html","https://nisee.berkeley.edu/spd/servlet/display?format=html&id=148","records_html\148.html","true","false"
"149","xml","https://nisee.berkeley.edu/spd/servlet/display?format=xml&id=149","records_xml\149.xml","true","false"
"149","html","https://nisee.berkeley.edu/spd/servlet/display?format=html&id=149","records_html\149.html","true","false"
"150","xml","https://nisee.berkeley.edu/spd/servlet/display?format=xml&id=150","records_xml\150.xml","true","false"
"150","html","https://nisee.berkeley.edu/spd/servlet/display?format=html&id=150","records_html\150.html","true","false"
"151","xml","https://nisee.berkeley.edu/spd/servlet/display?format=xml&id=151","records_xml\151.xml","true","false"
"151","html","https://nisee.berkeley.edu/spd/servlet/display?format=html&id=151","records_html\151.html","true","false"
"152","xml","https://nisee.berkeley.edu/spd/servlet/display?format=xml&id=152","records_xml\152.xml","true","false"
"152","html","https://nisee.berkeley.edu/spd/servlet/display?format=html&id=152","records_html\152.html","true","false"
"153","xml","https://nisee.berkeley.edu/spd/servlet/display?format=xml&id=153","records_xml\153.xml","true","false"
"153","html","https://nisee.berkeley.edu/spd/servlet/display?format=html&id=153","records_html\153.html","true","false"
"154","xml","https://nisee.berkeley.edu/spd/servlet/display?format=xml&id=154","records_xml\154.xml","true","false"
"154","html","https://nisee.berkeley.edu/spd/servlet/display?format=html&id=154","records_html\154.html","true","false"
"155","xml","https://nisee.berkeley.edu/spd/servlet/display?format=xml&id=155","records_xml\155.xml","true","false"
"155","html","https://nisee.berkeley.edu/spd/servlet/display?format=html&id=155","records_html\155.html","true","false"
"156","xml","https://nisee.berkeley.edu/spd/servlet/display?format=xml&id=156","records_xml\156.xml","true","false"
"156","html","https://nisee.berkeley.edu/spd/servlet/display?format=html&id=156","records_html\156.html","true","false"
"157","xml","https://nisee.berkeley.edu/spd/servlet/display?format=xml&id=157","records_xml\157.xml","true","false"
"157","html","https://nisee.berkeley.edu/spd/servlet/display?format=html&id=157","records_html\157.html","true","false"
"158","xml","https://nisee.berkeley.edu/spd/servlet/display?format=xml&id=158","records_xml\158.xml","true","false"
"158","html","https://nisee.berkeley.edu/spd/servlet/display?format=html&id=158","records_html\158.html","true","false"
"159","xml","https://nisee.berkeley.edu/spd/servlet/display?format=xml&id=159","records_xml\159.xml","true","false"
"159","html","https://nisee.berkeley.edu/spd/servlet/display?format=html&id=159","records_html\159.html","true","false"
"160","xml","https://nisee.berkeley.edu/spd/servlet/display?format=xml&id=160","records_xml\160.xml","true","false"
"160","html","https://nisee.berkeley.edu/spd/servlet/display?format=html&id=160","records_html\160.html","true","false"
"161","xml","https://nisee.berkeley.edu/spd/servlet/display?format=xml&id=161","records_xml\161.xml","true","false"
"161","html","https://nisee.berkeley.edu/spd/servlet/display?format=html&id=161","records_html\161.html","true","false"
"162","xml","https://nisee.berkeley.edu/spd/servlet/display?format=xml&id=162","records_xml\162.xml","true","false"
"162","html","https://nisee.berkeley.edu/spd/servlet/display?format=html&id=162","records_html\162.html","true","false"
"163","xml","https://nisee.berkeley.edu/spd/servlet/display?format=xml&id=163","records_xml\163.xml","true","false"
"163","html","https://nisee.berkeley.edu/spd/servlet/display?format=html&id=163","records_html\163.html","true","false"
"164","xml","https://nisee.berkeley.edu/spd/servlet/display?format=xml&id=164","records_xml\164.xml","true","false"
"164","html","https://nisee.berkeley.edu/spd/servlet/display?format=html&id=164","records_html\164.html","true","false"
"165","xml","https://nisee.berkeley.edu/spd/servlet/display?format=xml&id=165","records_xml\165.xml","true","false"
"165","html","https://nisee.berkeley.edu/spd/servlet/display?format=html&id=165","records_html\165.html","true","false"
"166","xml","https://nisee.berkeley.edu/spd/servlet/display?format=xml&id=166","records_xml\166.xml","true","false"
"166","html","https://nisee.berkeley.edu/spd/servlet/display?format=html&id=166","records_html\166.html","true","false"
"167","xml","https://nisee.berkeley.edu/spd/servlet/display?format=xml&id=167","records_xml\167.xml","true","false"
"167","html","https://nisee.berkeley.edu/spd/servlet/display?format=html&id=167","records_html\167.html","true","false"
"168","xml","https://nisee.berkeley.edu/spd/servlet/display?format=xml&id=168","records_xml\168.xml","true","false"
"168","html","https://nisee.berkeley.edu/spd/servlet/display?format=html&id=168","records_html\168.html","true","false"
"169","xml","https://nisee.berkeley.edu/spd/servlet/display?format=xml&id=169","records_xml\169.xml","true","false"
"169","html","https://nisee.berkeley.edu/spd/servlet/display?format=html&id=169","records_html\169.html","true","false"
"170","xml","https://nisee.berkeley.edu/spd/servlet/display?format=xml&id=170","records_xml\170.xml","true","false"
"170","html","https://nisee.berkeley.edu/spd/servlet/display?format=html&id=170","records_html\170.html","true","false"
"171","xml","https://nisee.berkeley.edu/spd/servlet/display?format=xml&id=171","records_xml\171.xml","true","false"
"171","html","https://nisee.berkeley.edu/spd/servlet/display?format=html&id=171","records_html\171.html","true","false"
"172","xml","https://nisee.berkeley.edu/spd/servlet/display?format=xml&id=172","records_xml\172.xml","true","false"
"172","html","https://nisee.berkeley.edu/spd/servlet/display?format=html&id=172","records_html\172.html","true","false"
"173","xml","https://nisee.berkeley.edu/spd/servlet/display?format=xml&id=173","records_xml\173.xml","true","false"
"173","html","https://nisee.berkeley.edu/spd/servlet/display?format=html&id=173","records_html\173.html","true","false"
"174","xml","https://nisee.berkeley.edu/spd/servlet/display?format=xml&id=174","records_xml\174.xml","true","false"
"174","html","https://nisee.berkeley.edu/spd/servlet/display?format=html&id=174","records_html\174.html","true","false"
"175","xml","https://nisee.berkeley.edu/spd/servlet/display?format=xml&id=175","records_xml\175.xml","true","false"
"175","html","https://nisee.berkeley.edu/spd/servlet/display?format=html&id=175","records_html\175.html","true","false"
"176","xml","https://nisee.berkeley.edu/spd/servlet/display?format=xml&id=176","records_xml\176.xml","true","false"
"176","html","https://nisee.berkeley.edu/spd/servlet/display?format=html&id=176","records_html\176.html","true","false"
"177","xml","https://nisee.berkeley.edu/spd/servlet/display?format=xml&id=177","records_xml\177.xml","true","false"
"177","html","https://nisee.berkeley.edu/spd/servlet/display?format=html&id=177","records_html\177.html","true","false"
"178","xml","https://nisee.berkeley.edu/spd/servlet/display?format=xml&id=178","records_xml\178.xml","true","false"
"178","html","https://nisee.berkeley.edu/spd/servlet/display?format=html&id=178","records_html\178.html","true","false"
"179","xml","https://nisee.berkeley.edu/spd/servlet/display?format=xml&id=179","records_xml\179.xml","true","false"
"179","html","https://nisee.berkeley.edu/spd/servlet/display?format=html&id=179","records_html\179.html","true","false"
"180","xml","https://nisee.berkeley.edu/spd/servlet/display?format=xml&id=180","records_xml\180.xml","true","false"
"180","html","https://nisee.berkeley.edu/spd/servlet/display?format=html&id=180","records_html\180.html","true","false"
"181","xml","https://nisee.berkeley.edu/spd/servlet/display?format=xml&id=181","records_xml\181.xml","true","false"
"181","html","https://nisee.berkeley.edu/spd/servlet/display?format=html&id=181","records_html\181.html","true","false"
"182","xml","https://nisee.berkeley.edu/spd/servlet/display?format=xml&id=182","records_xml\182.xml","true","false"
"182","html","https://nisee.berkeley.edu/spd/servlet/display?format=html&id=182","records_html\182.html","true","false"
"183","xml","https://nisee.berkeley.edu/spd/servlet/display?format=xml&id=183","records_xml\183.xml","true","false"
"183","html","https://nisee.berkeley.edu/spd/servlet/display?format=html&id=183","records_html\183.html","true","false"
"184","xml","https://nisee.berkeley.edu/spd/servlet/display?format=xml&id=184","records_xml\184.xml","true","false"
"184","html","https://nisee.berkeley.edu/spd/servlet/display?format=html&id=184","records_html\184.html","true","false"
"185","xml","https://nisee.berkeley.edu/spd/servlet/display?format=xml&id=185","records_xml\185.xml","true","false"
"185","html","https://nisee.berkeley.edu/spd/servlet/display?format=html&id=185","records_html\185.html","true","false"
"186","xml","https://nisee.berkeley.edu/spd/servlet/display?format=xml&id=186","records_xml\186.xml","true","false"
"186","html","https://nisee.berkeley.edu/spd/servlet/display?format=html&id=186","records_html\186.html","true","false"
"187","xml","https://nisee.berkeley.edu/spd/servlet/display?format=xml&id=187","records_xml\187.xml","true","false"
"187","html","https://nisee.berkeley.edu/spd/servlet/display?format=html&id=187","records_html\187.html","true","false"
"188","xml","https://nisee.berkeley.edu/spd/servlet/display?format=xml&id=188","records_xml\188.xml","true","false"
"188","html","https://nisee.berkeley.edu/spd/servlet/display?format=html&id=188","records_html\188.html","true","false"
"189","xml","https://nisee.berkeley.edu/spd/servlet/display?format=xml&id=189","records_xml\189.xml","true","false"
"189","html","https://nisee.berkeley.edu/spd/servlet/display?format=html&id=189","records_html\189.html","true","false"
"190","xml","https://nisee.berkeley.edu/spd/servlet/display?format=xml&id=190","records_xml\190.xml","true","false"
"190","html","https://nisee.berkeley.edu/spd/servlet/display?format=html&id=190","records_html\190.html","true","false"
"191","xml","https://nisee.berkeley.edu/spd/servlet/display?format=xml&id=191","records_xml\191.xml","true","false"
"191","html","https://nisee.berkeley.edu/spd/servlet/display?format=html&id=191","records_html\191.html","true","false"
"192","xml","https://nisee.berkeley.edu/spd/servlet/display?format=xml&id=192","records_xml\192.xml","true","false"
"192","html","https://nisee.berkeley.edu/spd/servlet/display?format=html&id=192","records_html\192.html","true","false"
"193","xml","https://nisee.berkeley.edu/spd/servlet/display?format=xml&id=193","records_xml\193.xml","true","false"
"193","html","https://nisee.berkeley.edu/spd/servlet/display?format=html&id=193","records_html\193.html","true","false"
"194","xml","https://nisee.berkeley.edu/spd/servlet/display?format=xml&id=194","records_xml\194.xml","true","false"
"194","html","https://nisee.berkeley.edu/spd/servlet/display?format=html&id=194","records_html\194.html","true","false"
"195","xml","https://nisee.berkeley.edu/spd/servlet/display?format=xml&id=195","records_xml\195.xml","true","false"
"195","html","https://nisee.berkeley.edu/spd/servlet/display?format=html&id=195","records_html\195.html","true","false"
"196","xml","https://nisee.berkeley.edu/spd/servlet/display?format=xml&id=196","records_xml\196.xml","true","false"
"196","html","https://nisee.berkeley.edu/spd/servlet/display?format=html&id=196","records_html\196.html","true","false"
"197","xml","https://nisee.berkeley.edu/spd/servlet/display?format=xml&id=197","records_xml\197.xml","true","false"
"197","html","https://nisee.berkeley.edu/spd/servlet/display?format=html&id=197","records_html\197.html","true","false"
"198","xml","https://nisee.berkeley.edu/spd/servlet/display?format=xml&id=198","records_xml\198.xml","true","false"
"198","html","https://nisee.berkeley.edu/spd/servlet/display?format=html&id=198","records_html\198.html","true","false"
"199","xml","https://nisee.berkeley.edu/spd/servlet/display?format=xml&id=199","records_xml\199.xml","true","false"
"199","html","https://nisee.berkeley.edu/spd/servlet/display?format=html&id=199","records_html\199.html","true","false"
"200","xml","https://nisee.berkeley.edu/spd/servlet/display?format=xml&id=200","records_xml\200.xml","true","false"
"200","html","https://nisee.berkeley.edu/spd/servlet/display?format=html&id=200","records_html\200.html","true","false"
"201","xml","https://nisee.berkeley.edu/spd/servlet/display?format=xml&id=201","records_xml\201.xml","true","false"
"201","html","https://nisee.berkeley.edu/spd/servlet/display?format=html&id=201","records_html\201.html","true","false"
"202","xml","https://nisee.berkeley.edu/spd/servlet/display?format=xml&id=202","records_xml\202.xml","true","false"
"202","html","https://nisee.berkeley.edu/spd/servlet/display?format=html&id=202","records_html\202.html","true","false"
"203","xml","https://nisee.berkeley.edu/spd/servlet/display?format=xml&id=203","records_xml\203.xml","true","false"
"203","html","https://nisee.berkeley.edu/spd/servlet/display?format=html&id=203","records_html\203.html","true","false"
"204","xml","https://nisee.berkeley.edu/spd/servlet/display?format=xml&id=204","records_xml\204.xml","true","false"
"204","html","https://nisee.berkeley.edu/spd/servlet/display?format=html&id=204","records_html\204.html","true","false"
"205","xml","https://nisee.berkeley.edu/spd/servlet/display?format=xml&id=205","records_xml\205.xml","true","false"
"205","html","https://nisee.berkeley.edu/spd/servlet/display?format=html&id=205","records_html\205.html","true","false"
"206","xml","https://nisee.berkeley.edu/spd/servlet/display?format=xml&id=206","records_xml\206.xml","true","false"
"206","html","https://nisee.berkeley.edu/spd/servlet/display?format=html&id=206","records_html\206.html","true","false"
"207","xml","https://nisee.berkeley.edu/spd/servlet/display?format=xml&id=207","records_xml\207.xml","true","false"
"207","html","https://nisee.berkeley.edu/spd/servlet/display?format=html&id=207","records_html\207.html","true","false"
"208","xml","https://nisee.berkeley.edu/spd/servlet/display?format=xml&id=208","records_xml\208.xml","true","false"
"208","html","https://nisee.berkeley.edu/spd/servlet/display?format=html&id=208","records_html\208.html","true","false"
"209","xml","https://nisee.berkeley.edu/spd/servlet/display?format=xml&id=209","records_xml\209.xml","true","false"
"209","html","https://nisee.berkeley.edu/spd/servlet/display?format=html&id=209","records_html\209.html","true","false"
"210","xml","https://nisee.berkeley.edu/spd/servlet/display?format=xml&id=210","records_xml\210.xml","true","false"
"210","html","https://nisee.berkeley.edu/spd/servlet/display?format=html&id=210","records_html\210.html","true","false"
"211","xml","https://nisee.berkeley.edu/spd/servlet/display?format=xml&id=211","records_xml\211.xml","true","false"
"211","html","https://nisee.berkeley.edu/spd/servlet/display?format=html&id=211","records_html\211.html","true","false"
"212","xml","https://nisee.berkeley.edu/spd/servlet/display?format=xml&id=212","records_xml\212.xml","true","false"
"212","html","https://nisee.berkeley.edu/spd/servlet/display?format=html&id=212","records_html\212.html","true","false"
"213","xml","https://nisee.berkeley.edu/spd/servlet/display?format=xml&id=213","records_xml\213.xml","true","false"
"213","html","https://nisee.berkeley.edu/spd/servlet/display?format=html&id=213","records_html\213.html","true","false"
"214","xml","https://nisee.berkeley.edu/spd/servlet/display?format=xml&id=214","records_xml\214.xml","true","false"
"214","html","https://nisee.berkeley.edu/spd/servlet/display?format=html&id=214","records_html\214.html","true","false"
"215","xml","https://nisee.berkeley.edu/spd/servlet/display?format=xml&id=215","records_xml\215.xml","true","false"
"215","html","https://nisee.berkeley.edu/spd/servlet/display?format=html&id=215","records_html\215.html","true","false"
"216","xml","https://nisee.berkeley.edu/spd/servlet/display?format=xml&id=216","records_xml\216.xml","true","false"
"216","html","https://nisee.berkeley.edu/spd/servlet/display?format=html&id=216","records_html\216.html","true","false"
"217","xml","https://nisee.berkeley.edu/spd/servlet/display?format=xml&id=217","records_xml\217.xml","true","false"
"217","html","https://nisee.berkeley.edu/spd/servlet/display?format=html&id=217","records_html\217.html","true","false"
"218","xml","https://nisee.berkeley.edu/spd/servlet/display?format=xml&id=218","records_xml\218.xml","true","false"
"218","html","https://nisee.berkeley.edu/spd/servlet/display?format=html&id=218","records_html\218.html","true","false"
"219","xml","https://nisee.berkeley.edu/spd/servlet/display?format=xml&id=219","records_xml\219.xml","true","false"
"219","html","https://nisee.berkeley.edu/spd/servlet/display?format=html&id=219","records_html\219.html","true","false"
"220","xml","https://nisee.berkeley.edu/spd/servlet/display?format=xml&id=220","records_xml\220.xml","true","false"
"220","html","https://nisee.berkeley.edu/spd/servlet/display?format=html&id=220","records_html\220.html","true","false"
"221","xml","https://nisee.berkeley.edu/spd/servlet/display?format=xml&id=221","records_xml\221.xml","true","false"
"221","html","https://nisee.berkeley.edu/spd/servlet/display?format=html&id=221","records_html\221.html","true","false"
"222","xml","https://nisee.berkeley.edu/spd/servlet/display?format=xml&id=222","records_xml\222.xml","true","false"
"222","html","https://nisee.berkeley.edu/spd/servlet/display?format=html&id=222","records_html\222.html","true","false"
"223","xml","https://nisee.berkeley.edu/spd/servlet/display?format=xml&id=223","records_xml\223.xml","true","false"
"223","html","https://nisee.berkeley.edu/spd/servlet/display?format=html&id=223","records_html\223.html","true","false"
"224","xml","https://nisee.berkeley.edu/spd/servlet/display?format=xml&id=224","records_xml\224.xml","true","false"
"224","html","https://nisee.berkeley.edu/spd/servlet/display?format=html&id=224","records_html\224.html","true","false"
"225","xml","https://nisee.berkeley.edu/spd/servlet/display?format=xml&id=225","records_xml\225.xml","true","false"
"225","html","https://nisee.berkeley.edu/spd/servlet/display?format=html&id=225","records_html\225.html","true","false"
"226","xml","https://nisee.berkeley.edu/spd/servlet/display?format=xml&id=226","records_xml\226.xml","true","false"
"226","html","https://nisee.berkeley.edu/spd/servlet/display?format=html&id=226","records_html\226.html","true","false"
"227","xml","https://nisee.berkeley.edu/spd/servlet/display?format=xml&id=227","records_xml\227.xml","true","false"
"227","html","https://nisee.berkeley.edu/spd/servlet/display?format=html&id=227","records_html\227.html","true","false"
"228","xml","https://nisee.berkeley.edu/spd/servlet/display?format=xml&id=228","records_xml\228.xml","true","false"
"228","html","https://nisee.berkeley.edu/spd/servlet/display?format=html&id=228","records_html\228.html","true","false"
"229","xml","https://nisee.berkeley.edu/spd/servlet/display?format=xml&id=229","records_xml\229.xml","true","false"
"229","html","https://nisee.berkeley.edu/spd/servlet/display?format=html&id=229","records_html\229.html","true","false"
"230","xml","https://nisee.berkeley.edu/spd/servlet/display?format=xml&id=230","records_xml\230.xml","true","false"
"230","html","https://nisee.berkeley.edu/spd/servlet/display?format=html&id=230","records_html\230.html","true","false"
"231","xml","https://nisee.berkeley.edu/spd/servlet/display?format=xml&id=231","records_xml\231.xml","true","false"
"231","html","https://nisee.berkeley.edu/spd/servlet/display?format=html&id=231","records_html\231.html","true","false"
"232","xml","https://nisee.berkeley.edu/spd/servlet/display?format=xml&id=232","records_xml\232.xml","true","false"
"232","html","https://nisee.berkeley.edu/spd/servlet/display?format=html&id=232","records_html\232.html","true","false"
"233","xml","https://nisee.berkeley.edu/spd/servlet/display?format=xml&id=233","records_xml\233.xml","true","false"
"233","html","https://nisee.berkeley.edu/spd/servlet/display?format=html&id=233","records_html\233.html","true","false"
"234","xml","https://nisee.berkeley.edu/spd/servlet/display?format=xml&id=234","records_xml\234.xml","true","false"
"234","html","https://nisee.berkeley.edu/spd/servlet/display?format=html&id=234","records_html\234.html","true","false"
"235","xml","https://nisee.berkeley.edu/spd/servlet/display?format=xml&id=235","records_xml\235.xml","true","false"
"235","html","https://nisee.berkeley.edu/spd/servlet/display?format=html&id=235","records_html\235.html","true","false"
"236","xml","https://nisee.berkeley.edu/spd/servlet/display?format=xml&id=236","records_xml\236.xml","true","false"
"236","html","https://nisee.berkeley.edu/spd/servlet/display?format=html&id=236","records_html\236.html","true","false"
"237","xml","https://nisee.berkeley.edu/spd/servlet/display?format=xml&id=237","records_xml\237.xml","true","false"
"237","html","https://nisee.berkeley.edu/spd/servlet/display?format=html&id=237","records_html\237.html","true","false"
"238","xml","https://nisee.berkeley.edu/spd/servlet/display?format=xml&id=238","records_xml\238.xml","true","false"
"238","html","https://nisee.berkeley.edu/spd/servlet/display?format=html&id=238","records_html\238.html","true","false"
"239","xml","https://nisee.berkeley.edu/spd/servlet/display?format=xml&id=239","records_xml\239.xml","true","false"
"239","html","https://nisee.berkeley.edu/spd/servlet/display?format=html&id=239","records_html\239.html","true","false"
"240","xml","https://nisee.berkeley.edu/spd/servlet/display?format=xml&id=240","records_xml\240.xml","true","false"
"240","html","https://nisee.berkeley.edu/spd/servlet/display?format=html&id=240","records_html\240.html","true","false"
"241","xml","https://nisee.berkeley.edu/spd/servlet/display?format=xml&id=241","records_xml\241.xml","true","false"
"241","html","https://nisee.berkeley.edu/spd/servlet/display?format=html&id=241","records_html\241.html","true","false"
"242","xml","https://nisee.berkeley.edu/spd/servlet/display?format=xml&id=242","records_xml\242.xml","true","false"
"242","html","https://nisee.berkeley.edu/spd/servlet/display?format=html&id=242","records_html\242.html","true","false"
"243","xml","https://nisee.berkeley.edu/spd/servlet/display?format=xml&id=243","records_xml\243.xml","true","false"
"243","html","https://nisee.berkeley.edu/spd/servlet/display?format=html&id=243","records_html\243.html","true","false"
"244","xml","https://nisee.berkeley.edu/spd/servlet/display?format=xml&id=244","records_xml\244.xml","true","false"
"244","html","https://nisee.berkeley.edu/spd/servlet/display?format=html&id=244","records_html\244.html","true","false"
"245","xml","https://nisee.berkeley.edu/spd/servlet/display?format=xml&id=245","records_xml\245.xml","true","false"
"245","html","https://nisee.berkeley.edu/spd/servlet/display?format=html&id=245","records_html\245.html","true","false"
"246","xml","https://nisee.berkeley.edu/spd/servlet/display?format=xml&id=246","records_xml\246.xml","true","false"
"246","html","https://nisee.berkeley.edu/spd/servlet/display?format=html&id=246","records_html\246.html","true","false"
"247","xml","https://nisee.berkeley.edu/spd/servlet/display?format=xml&id=247","records_xml\247.xml","true","false"
"247","html","https://nisee.berkeley.edu/spd/servlet/display?format=html&id=247","records_html\247.html","true","false"
"248","xml","https://nisee.berkeley.edu/spd/servlet/display?format=xml&id=248","records_xml\248.xml","true","false"
"248","html","https://nisee.berkeley.edu/spd/servlet/display?format=html&id=248","records_html\248.html","true","false"
"249","xml","https://nisee.berkeley.edu/spd/servlet/display?format=xml&id=249","records_xml\249.xml","true","false"
"249","html","https://nisee.berkeley.edu/spd/servlet/display?format=html&id=249","records_html\249.html","true","false"
"250","xml","https://nisee.berkeley.edu/spd/servlet/display?format=xml&id=250","records_xml\250.xml","true","false"
"250","html","https://nisee.berkeley.edu/spd/servlet/display?format=html&id=250","records_html\250.html","true","false"
"251","xml","https://nisee.berkeley.edu/spd/servlet/display?format=xml&id=251","records_xml\251.xml","true","false"
"251","html","https://nisee.berkeley.edu/spd/servlet/display?format=html&id=251","records_html\251.html","true","false"
"252","xml","https://nisee.berkeley.edu/spd/servlet/display?format=xml&id=252","records_xml\252.xml","true","false"
"252","html","https://nisee.berkeley.edu/spd/servlet/display?format=html&id=252","records_html\252.html","true","false"
"253","xml","https://nisee.berkeley.edu/spd/servlet/display?format=xml&id=253","records_xml\253.xml","true","false"
"253","html","https://nisee.berkeley.edu/spd/servlet/display?format=html&id=253","records_html\253.html","true","false"
"254","xml","https://nisee.berkeley.edu/spd/servlet/display?format=xml&id=254","records_xml\254.xml","true","false"
"254","html","https://nisee.berkeley.edu/spd/servlet/display?format=html&id=254","records_html\254.html","true","false"
"255","xml","https://nisee.berkeley.edu/spd/servlet/display?format=xml&id=255","records_xml\255.xml","true","false"
"255","html","https://nisee.berkeley.edu/spd/servlet/display?format=html&id=255","records_html\255.html","true","false"
"256","xml","https://nisee.berkeley.edu/spd/servlet/display?format=xml&id=256","records_xml\256.xml","true","false"
"256","html","https://nisee.berkeley.edu/spd/servlet/display?format=html&id=256","records_html\256.html","true","false"
"257","xml","https://nisee.berkeley.edu/spd/servlet/display?format=xml&id=257","records_xml\257.xml","true","false"
"257","html","https://nisee.berkeley.edu/spd/servlet/display?format=html&id=257","records_html\257.html","true","false"
"258","xml","https://nisee.berkeley.edu/spd/servlet/display?format=xml&id=258","records_xml\258.xml","true","false"
"258","html","https://nisee.berkeley.edu/spd/servlet/display?format=html&id=258","records_html\258.html","true","false"
"259","xml","https://nisee.berkeley.edu/spd/servlet/display?format=xml&id=259","records_xml\259.xml","true","false"
"259","html","https://nisee.berkeley.edu/spd/servlet/display?format=html&id=259","records_html\259.html","true","false"
"260","xml","https://nisee.berkeley.edu/spd/servlet/display?format=xml&id=260","records_xml\260.xml","true","false"
"260","html","https://nisee.berkeley.edu/spd/servlet/display?format=html&id=260","records_html\260.html","true","false"
"261","xml","https://nisee.berkeley.edu/spd/servlet/display?format=xml&id=261","records_xml\261.xml","true","false"
"261","html","https://nisee.berkeley.edu/spd/servlet/display?format=html&id=261","records_html\261.html","true","false"
"262","xml","https://nisee.berkeley.edu/spd/servlet/display?format=xml&id=262","records_xml\262.xml","true","false"
"262","html","https://nisee.berkeley.edu/spd/servlet/display?format=html&id=262","records_html\262.html","true","false"
"263","xml","https://nisee.berkeley.edu/spd/servlet/display?format=xml&id=263","records_xml\263.xml","true","false"
"263","html","https://nisee.berkeley.edu/spd/servlet/display?format=html&id=263","records_html\263.html","true","false"
"264","xml","https://nisee.berkeley.edu/spd/servlet/display?format=xml&id=264","records_xml\264.xml","true","false"
"264","html","https://nisee.berkeley.edu/spd/servlet/display?format=html&id=264","records_html\264.html","true","false"
"265","xml","https://nisee.berkeley.edu/spd/servlet/display?format=xml&id=265","records_xml\265.xml","true","false"
"265","html","https://nisee.berkeley.edu/spd/servlet/display?format=html&id=265","records_html\265.html","true","false"
"266","xml","https://nisee.berkeley.edu/spd/servlet/display?format=xml&id=266","records_xml\266.xml","true","false"
"266","html","https://nisee.berkeley.edu/spd/servlet/display?format=html&id=266","records_html\266.html","true","false"
"267","xml","https://nisee.berkeley.edu/spd/servlet/display?format=xml&id=267","records_xml\267.xml","true","false"
"267","html","https://nisee.berkeley.edu/spd/servlet/display?format=html&id=267","records_html\267.html","true","false"
"268","xml","https://nisee.berkeley.edu/spd/servlet/display?format=xml&id=268","records_xml\268.xml","true","false"
"268","html","https://nisee.berkeley.edu/spd/servlet/display?format=html&id=268","records_html\268.html","true","false"
"269","xml","https://nisee.berkeley.edu/spd/servlet/display?format=xml&id=269","records_xml\269.xml","true","false"
"269","html","https://nisee.berkeley.edu/spd/servlet/display?format=html&id=269","records_html\269.html","true","false"
"270","xml","https://nisee.berkeley.edu/spd/servlet/display?format=xml&id=270","records_xml\270.xml","true","false"
"270","html","https://nisee.berkeley.edu/spd/servlet/display?format=html&id=270","records_html\270.html","true","false"
"271","xml","https://nisee.berkeley.edu/spd/servlet/display?format=xml&id=271","records_xml\271.xml","true","false"
"271","html","https://nisee.berkeley.edu/spd/servlet/display?format=html&id=271","records_html\271.html","true","false"
"272","xml","https://nisee.berkeley.edu/spd/servlet/display?format=xml&id=272","records_xml\272.xml","true","false"
"272","html","https://nisee.berkeley.edu/spd/servlet/display?format=html&id=272","records_html\272.html","true","false"
"273","xml","https://nisee.berkeley.edu/spd/servlet/display?format=xml&id=273","records_xml\273.xml","true","false"
"273","html","https://nisee.berkeley.edu/spd/servlet/display?format=html&id=273","records_html\273.html","true","false"
"274","xml","https://nisee.berkeley.edu/spd/servlet/display?format=xml&id=274","records_xml\274.xml","true","false"
"274","html","https://nisee.berkeley.edu/spd/servlet/display?format=html&id=274","records_html\274.html","true","false"
"275","xml","https://nisee.berkeley.edu/spd/servlet/display?format=xml&id=275","records_xml\275.xml","true","false"
"275","html","https://nisee.berkeley.edu/spd/servlet/display?format=html&id=275","records_html\275.html","true","false"
"276","xml","https://nisee.berkeley.edu/spd/servlet/display?format=xml&id=276","records_xml\276.xml","true","false"
"276","html","https://nisee.berkeley.edu/spd/servlet/display?format=html&id=276","records_html\276.html","true","false"
"277","xml","https://nisee.berkeley.edu/spd/servlet/display?format=xml&id=277","records_xml\277.xml","true","false"
"277","html","https://nisee.berkeley.edu/spd/servlet/display?format=html&id=277","records_html\277.html","true","false"
"278","xml","https://nisee.berkeley.edu/spd/servlet/display?format=xml&id=278","records_xml\278.xml","true","false"
"278","html","https://nisee.berkeley.edu/spd/servlet/display?format=html&id=278","records_html\278.html","true","false"
"279","xml","https://nisee.berkeley.edu/spd/servlet/display?format=xml&id=279","records_xml\279.xml","true","false"
"279","html","https://nisee.berkeley.edu/spd/servlet/display?format=html&id=279","records_html\279.html","true","false"
"280","xml","https://nisee.berkeley.edu/spd/servlet/display?format=xml&id=280","records_xml\280.xml","true","false"
"280","html","https://nisee.berkeley.edu/spd/servlet/display?format=html&id=280","records_html\280.html","true","false"
"281","xml","https://nisee.berkeley.edu/spd/servlet/display?format=xml&id=281","records_xml\281.xml","true","false"
"281","html","https://nisee.berkeley.edu/spd/servlet/display?format=html&id=281","records_html\281.html","true","false"
"282","xml","https://nisee.berkeley.edu/spd/servlet/display?format=xml&id=282","records_xml\282.xml","true","false"
"282","html","https://nisee.berkeley.edu/spd/servlet/display?format=html&id=282","records_html\282.html","true","false"
"283","xml","https://nisee.berkeley.edu/spd/servlet/display?format=xml&id=283","records_xml\283.xml","true","false"
"283","html","https://nisee.berkeley.edu/spd/servlet/display?format=html&id=283","records_html\283.html","true","false"
"284","xml","https://nisee.berkeley.edu/spd/servlet/display?format=xml&id=284","records_xml\284.xml","true","false"
"284","html","https://nisee.berkeley.edu/spd/servlet/display?format=html&id=284","records_html\284.html","true","false"
"285","xml","https://nisee.berkeley.edu/spd/servlet/display?format=xml&id=285","records_xml\285.xml","true","false"
"285","html","https://nisee.berkeley.edu/spd/servlet/display?format=html&id=285","records_html\285.html","true","false"
"286","xml","https://nisee.berkeley.edu/spd/servlet/display?format=xml&id=286","records_xml\286.xml","true","false"
"286","html","https://nisee.berkeley.edu/spd/servlet/display?format=html&id=286","records_html\286.html","true","false"
"287","xml","https://nisee.berkeley.edu/spd/servlet/display?format=xml&id=287","records_xml\287.xml","true","false"
"287","html","https://nisee.berkeley.edu/spd/servlet/display?format=html&id=287","records_html\287.html","true","false"
"288","xml","https://nisee.berkeley.edu/spd/servlet/display?format=xml&id=288","records_xml\288.xml","true","false"
"288","html","https://nisee.berkeley.edu/spd/servlet/display?format=html&id=288","records_html\288.html","true","false"
"289","xml","https://nisee.berkeley.edu/spd/servlet/display?format=xml&id=289","records_xml\289.xml","true","false"
"289","html","https://nisee.berkeley.edu/spd/servlet/display?format=html&id=289","records_html\289.html","true","false"
"290","xml","https://nisee.berkeley.edu/spd/servlet/display?format=xml&id=290","records_xml\290.xml","true","false"
"290","html","https://nisee.berkeley.edu/spd/servlet/display?format=html&id=290","records_html\290.html","true","false"
"291","xml","https://nisee.berkeley.edu/spd/servlet/display?format=xml&id=291","records_xml\291.xml","true","false"
"291","html","https://nisee.berkeley.edu/spd/servlet/display?format=html&id=291","records_html\291.html","true","false"
"292","xml","https://nisee.berkeley.edu/spd/servlet/display?format=xml&id=292","records_xml\292.xml","true","false"
"292","html","https://nisee.berkeley.edu/spd/servlet/display?format=html&id=292","records_html\292.html","true","false"
"293","xml","https://nisee.berkeley.edu/spd/servlet/display?format=xml&id=293","records_xml\293.xml","true","false"
"293","html","https://nisee.berkeley.edu/spd/servlet/display?format=html&id=293","records_html\293.html","true","false"
"294","xml","https://nisee.berkeley.edu/spd/servlet/display?format=xml&id=294","records_xml\294.xml","true","false"
"294","html","https://nisee.berkeley.edu/spd/servlet/display?format=html&id=294","records_html\294.html","true","false"
"295","xml","https://nisee.berkeley.edu/spd/servlet/display?format=xml&id=295","records_xml\295.xml","true","false"
"295","html","https://nisee.berkeley.edu/spd/servlet/display?format=html&id=295","records_html\295.html","true","false"
"296","xml","https://nisee.berkeley.edu/spd/servlet/display?format=xml&id=296","records_xml\296.xml","true","false"
"296","html","https://nisee.berkeley.edu/spd/servlet/display?format=html&id=296","records_html\296.html","true","false"
"297","xml","https://nisee.berkeley.edu/spd/servlet/display?format=xml&id=297","records_xml\297.xml","true","false"
"297","html","https://nisee.berkeley.edu/spd/servlet/display?format=html&id=297","records_html\297.html","true","false"
"298","xml","https://nisee.berkeley.edu/spd/servlet/display?format=xml&id=298","records_xml\298.xml","true","false"
"298","html","https://nisee.berkeley.edu/spd/servlet/display?format=html&id=298","records_html\298.html","true","false"
"299","xml","https://nisee.berkeley.edu/spd/servlet/display?format=xml&id=299","records_xml\299.xml","true","false"
"299","html","https://nisee.berkeley.edu/spd/servlet/display?format=html&id=299","records_html\299.html","true","false"
"300","xml","https://nisee.berkeley.edu/spd/servlet/display?format=xml&id=300","records_xml\300.xml","true","false"
"300","html","https://nisee.berkeley.edu/spd/servlet/display?format=html&id=300","records_html\300.html","true","false"
"301","xml","https://nisee.berkeley.edu/spd/servlet/display?format=xml&id=301","records_xml\301.xml","true","false"
"301","html","https://nisee.berkeley.edu/spd/servlet/display?format=html&id=301","records_html\301.html","true","false"
"302","xml","https://nisee.berkeley.edu/spd/servlet/display?format=xml&id=302","records_xml\302.xml","true","false"
"302","html","https://nisee.berkeley.edu/spd/servlet/display?format=html&id=302","records_html\302.html","true","false"
"303","xml","https://nisee.berkeley.edu/spd/servlet/display?format=xml&id=303","records_xml\303.xml","true","false"
"303","html","https://nisee.berkeley.edu/spd/servlet/display?format=html&id=303","records_html\303.html","true","false"
"304","xml","https://nisee.berkeley.edu/spd/servlet/display?format=xml&id=304","records_xml\304.xml","true","false"
"304","html","https://nisee.berkeley.edu/spd/servlet/display?format=html&id=304","records_html\304.html","true","false"
"305","xml","https://nisee.berkeley.edu/spd/servlet/display?format=xml&id=305","records_xml\305.xml","true","false"
"305","html","https://nisee.berkeley.edu/spd/servlet/display?format=html&id=305","records_html\305.html","true","false"
"306","xml","https://nisee.berkeley.edu/spd/servlet/display?format=xml&id=306","records_xml\306.xml","true","false"
"306","html","https://nisee.berkeley.edu/spd/servlet/display?format=html&id=306","records_html\306.html","true","false"
"307","xml","https://nisee.berkeley.edu/spd/servlet/display?format=xml&id=307","records_xml\307.xml","true","false"
"307","html","https://nisee.berkeley.edu/spd/servlet/display?format=html&id=307","records_html\307.html","true","false"
"308","xml","https://nisee.berkeley.edu/spd/servlet/display?format=xml&id=308","records_xml\308.xml","true","false"
"308","html","https://nisee.berkeley.edu/spd/servlet/display?format=html&id=308","records_html\308.html","true","false"
"309","xml","https://nisee.berkeley.edu/spd/servlet/display?format=xml&id=309","records_xml\309.xml","true","false"
"309","html","https://nisee.berkeley.edu/spd/servlet/display?format=html&id=309","records_html\309.html","true","false"
"310","xml","https://nisee.berkeley.edu/spd/servlet/display?format=xml&id=310","records_xml\310.xml","true","false"
"310","html","https://nisee.berkeley.edu/spd/servlet/display?format=html&id=310","records_html\310.html","true","false"
"311","xml","https://nisee.berkeley.edu/spd/servlet/display?format=xml&id=311","records_xml\311.xml","true","false"
"311","html","https://nisee.berkeley.edu/spd/servlet/display?format=html&id=311","records_html\311.html","true","false"
"312","xml","https://nisee.berkeley.edu/spd/servlet/display?format=xml&id=312","records_xml\312.xml","true","false"
"312","html","https://nisee.berkeley.edu/spd/servlet/display?format=html&id=312","records_html\312.html","true","false"
"313","xml","https://nisee.berkeley.edu/spd/servlet/display?format=xml&id=313","records_xml\313.xml","true","false"
"313","html","https://nisee.berkeley.edu/spd/servlet/display?format=html&id=313","records_html\313.html","true","false"
"314","xml","https://nisee.berkeley.edu/spd/servlet/display?format=xml&id=314","records_xml\314.xml","true","false"
"314","html","https://nisee.berkeley.edu/spd/servlet/display?format=html&id=314","records_html\314.html","true","false"
"315","xml","https://nisee.berkeley.edu/spd/servlet/display?format=xml&id=315","records_xml\315.xml","true","false"
"315","html","https://nisee.berkeley.edu/spd/servlet/display?format=html&id=315","records_html\315.html","true","false"
"316","xml","https://nisee.berkeley.edu/spd/servlet/display?format=xml&id=316","records_xml\316.xml","true","false"
"316","html","https://nisee.berkeley.edu/spd/servlet/display?format=html&id=316","records_html\316.html","true","false"
"317","xml","https://nisee.berkeley.edu/spd/servlet/display?format=xml&id=317","records_xml\317.xml","true","false"
"317","html","https://nisee.berkeley.edu/spd/servlet/display?format=html&id=317","records_html\317.html","true","false"
"318","xml","https://nisee.berkeley.edu/spd/servlet/display?format=xml&id=318","records_xml\318.xml","true","false"
"318","html","https://nisee.berkeley.edu/spd/servlet/display?format=html&id=318","records_html\318.html","true","false"
"319","xml","https://nisee.berkeley.edu/spd/servlet/display?format=xml&id=319","records_xml\319.xml","true","false"
"319","html","https://nisee.berkeley.edu/spd/servlet/display?format=html&id=319","records_html\319.html","true","false"
"320","xml","https://nisee.berkeley.edu/spd/servlet/display?format=xml&id=320","records_xml\320.xml","true","false"
"320","html","https://nisee.berkeley.edu/spd/servlet/display?format=html&id=320","records_html\320.html","true","false"
"321","xml","https://nisee.berkeley.edu/spd/servlet/display?format=xml&id=321","records_xml\321.xml","true","false"
"321","html","https://nisee.berkeley.edu/spd/servlet/display?format=html&id=321","records_html\321.html","true","false"
"322","xml","https://nisee.berkeley.edu/spd/servlet/display?format=xml&id=322","records_xml\322.xml","true","false"
"322","html","https://nisee.berkeley.edu/spd/servlet/display?format=html&id=322","records_html\322.html","true","false"
"323","xml","https://nisee.berkeley.edu/spd/servlet/display?format=xml&id=323","records_xml\323.xml","true","false"
"323","html","https://nisee.berkeley.edu/spd/servlet/display?format=html&id=323","records_html\323.html","true","false"
"324","xml","https://nisee.berkeley.edu/spd/servlet/display?format=xml&id=324","records_xml\324.xml","true","false"
"324","html","https://nisee.berkeley.edu/spd/servlet/display?format=html&id=324","records_html\324.html","true","false"
"325","xml","https://nisee.berkeley.edu/spd/servlet/display?format=xml&id=325","records_xml\325.xml","true","false"
"325","html","https://nisee.berkeley.edu/spd/servlet/display?format=html&id=325","records_html\325.html","true","false"
"326","xml","https://nisee.berkeley.edu/spd/servlet/display?format=xml&id=326","records_xml\326.xml","true","false"
"326","html","https://nisee.berkeley.edu/spd/servlet/display?format=html&id=326","records_html\326.html","true","false"
"327","xml","https://nisee.berkeley.edu/spd/servlet/display?format=xml&id=327","records_xml\327.xml","true","false"
"327","html","https://nisee.berkeley.edu/spd/servlet/display?format=html&id=327","records_html\327.html","true","false"
"328","xml","https://nisee.berkeley.edu/spd/servlet/display?format=xml&id=328","records_xml\328.xml","true","false"
"328","html","https://nisee.berkeley.edu/spd/servlet/display?format=html&id=328","records_html\328.html","true","false"
"329","xml","https://nisee.berkeley.edu/spd/servlet/display?format=xml&id=329","records_xml\329.xml","true","false"
"329","html","https://nisee.berkeley.edu/spd/servlet/display?format=html&id=329","records_html\329.html","true","false"
"330","xml","https://nisee.berkeley.edu/spd/servlet/display?format=xml&id=330","records_xml\330.xml","true","false"
"330","html","https://nisee.berkeley.edu/spd/servlet/display?format=html&id=330","records_html\330.html","true","false"
"331","xml","https://nisee.berkeley.edu/spd/servlet/display?format=xml&id=331","records_xml\331.xml","true","false"
"331","html","https://nisee.berkeley.edu/spd/servlet/display?format=html&id=331","records_html\331.html","true","false"
"332","xml","https://nisee.berkeley.edu/spd/servlet/display?format=xml&id=332","records_xml\332.xml","true","false"
"332","html","https://nisee.berkeley.edu/spd/servlet/display?format=html&id=332","records_html\332.html","true","false"
"333","xml","https://nisee.berkeley.edu/spd/servlet/display?format=xml&id=333","records_xml\333.xml","true","false"
"333","html","https://nisee.berkeley.edu/spd/servlet/display?format=html&id=333","records_html\333.html","true","false"
"334","xml","https://nisee.berkeley.edu/spd/servlet/display?format=xml&id=334","records_xml\334.xml","true","false"
"334","html","https://nisee.berkeley.edu/spd/servlet/display?format=html&id=334","records_html\334.html","true","false"
"335","xml","https://nisee.berkeley.edu/spd/servlet/display?format=xml&id=335","records_xml\335.xml","true","false"
"335","html","https://nisee.berkeley.edu/spd/servlet/display?format=html&id=335","records_html\335.html","true","false"
"336","xml","https://nisee.berkeley.edu/spd/servlet/display?format=xml&id=336","records_xml\336.xml","true","false"
"336","html","https://nisee.berkeley.edu/spd/servlet/display?format=html&id=336","records_html\336.html","true","false"
"337","xml","https://nisee.berkeley.edu/spd/servlet/display?format=xml&id=337","records_xml\337.xml","true","false"
"337","html","https://nisee.berkeley.edu/spd/servlet/display?format=html&id=337","records_html\337.html","true","false"
"338","xml","https://nisee.berkeley.edu/spd/servlet/display?format=xml&id=338","records_xml\338.xml","true","false"
"338","html","https://nisee.berkeley.edu/spd/servlet/display?format=html&id=338","records_html\338.html","true","false"
"339","xml","https://nisee.berkeley.edu/spd/servlet/display?format=xml&id=339","records_xml\339.xml","true","false"
"339","html","https://nisee.berkeley.edu/spd/servlet/display?format=html&id=339","records_html\339.html","true","false"
"340","xml","https://nisee.berkeley.edu/spd/servlet/display?format=xml&id=340","records_xml\340.xml","true","false"
"340","html","https://nisee.berkeley.edu/spd/servlet/display?format=html&id=340","records_html\340.html","true","false"
"341","xml","https://nisee.berkeley.edu/spd/servlet/display?format=xml&id=341","records_xml\341.xml","true","false"
"341","html","https://nisee.berkeley.edu/spd/servlet/display?format=html&id=341","records_html\341.html","true","false"
"342","xml","https://nisee.berkeley.edu/spd/servlet/display?format=xml&id=342","records_xml\342.xml","true","false"
"342","html","https://nisee.berkeley.edu/spd/servlet/display?format=html&id=342","records_html\342.html","true","false"
"343","xml","https://nisee.berkeley.edu/spd/servlet/display?format=xml&id=343","records_xml\343.xml","true","false"
"343","html","https://nisee.berkeley.edu/spd/servlet/display?format=html&id=343","records_html\343.html","true","false"
"344","xml","https://nisee.berkeley.edu/spd/servlet/display?format=xml&id=344","records_xml\344.xml","true","false"
"344","html","https://nisee.berkeley.edu/spd/servlet/display?format=html&id=344","records_html\344.html","true","false"
"345","xml","https://nisee.berkeley.edu/spd/servlet/display?format=xml&id=345","records_xml\345.xml","true","false"
"345","html","https://nisee.berkeley.edu/spd/servlet/display?format=html&id=345","records_html\345.html","true","false"
"346","xml","https://nisee.berkeley.edu/spd/servlet/display?format=xml&id=346","records_xml\346.xml","true","false"
"346","html","https://nisee.berkeley.edu/spd/servlet/display?format=html&id=346","records_html\346.html","true","false"
"347","xml","https://nisee.berkeley.edu/spd/servlet/display?format=xml&id=347","records_xml\347.xml","true","false"
"347","html","https://nisee.berkeley.edu/spd/servlet/display?format=html&id=347","records_html\347.html","true","false"
"348","xml","https://nisee.berkeley.edu/spd/servlet/display?format=xml&id=348","records_xml\348.xml","true","false"
"348","html","https://nisee.berkeley.edu/spd/servlet/display?format=html&id=348","records_html\348.html","true","false"
"349","xml","https://nisee.berkeley.edu/spd/servlet/display?format=xml&id=349","records_xml\349.xml","true","false"
"349","html","https://nisee.berkeley.edu/spd/servlet/display?format=html&id=349","records_html\349.html","true","false"
"350","xml","https://nisee.berkeley.edu/spd/servlet/display?format=xml&id=350","records_xml\350.xml","true","false"
"350","html","https://nisee.berkeley.edu/spd/servlet/display?format=html&id=350","records_html\350.html","true","false"
"351","xml","https://nisee.berkeley.edu/spd/servlet/display?format=xml&id=351","records_xml\351.xml","true","false"
"351","html","https://nisee.berkeley.edu/spd/servlet/display?format=html&id=351","records_html\351.html","true","false"
"352","xml","https://nisee.berkeley.edu/spd/servlet/display?format=xml&id=352","records_xml\352.xml","true","false"
"352","html","https://nisee.berkeley.edu/spd/servlet/display?format=html&id=352","records_html\352.html","true","false"
"353","xml","https://nisee.berkeley.edu/spd/servlet/display?format=xml&id=353","records_xml\353.xml","true","false"
"353","html","https://nisee.berkeley.edu/spd/servlet/display?format=html&id=353","records_html\353.html","true","false"
"354","xml","https://nisee.berkeley.edu/spd/servlet/display?format=xml&id=354","records_xml\354.xml","true","false"
"354","html","https://nisee.berkeley.edu/spd/servlet/display?format=html&id=354","records_html\354.html","true","false"
"355","xml","https://nisee.berkeley.edu/spd/servlet/display?format=xml&id=355","records_xml\355.xml","true","false"
"355","html","https://nisee.berkeley.edu/spd/servlet/display?format=html&id=355","records_html\355.html","true","false"
"356","xml","https://nisee.berkeley.edu/spd/servlet/display?format=xml&id=356","records_xml\356.xml","true","false"
"356","html","https://nisee.berkeley.edu/spd/servlet/display?format=html&id=356","records_html\356.html","true","false"
"357","xml","https://nisee.berkeley.edu/spd/servlet/display?format=xml&id=357","records_xml\357.xml","true","false"
"357","html","https://nisee.berkeley.edu/spd/servlet/display?format=html&id=357","records_html\357.html","true","false"
"358","xml","https://nisee.berkeley.edu/spd/servlet/display?format=xml&id=358","records_xml\358.xml","true","false"
"358","html","https://nisee.berkeley.edu/spd/servlet/display?format=html&id=358","records_html\358.html","true","false"
"359","xml","https://nisee.berkeley.edu/spd/servlet/display?format=xml&id=359","records_xml\359.xml","true","false"
"359","html","https://nisee.berkeley.edu/spd/servlet/display?format=html&id=359","records_html\359.html","true","false"
"360","xml","https://nisee.berkeley.edu/spd/servlet/display?format=xml&id=360","records_xml\360.xml","true","false"
"360","html","https://nisee.berkeley.edu/spd/servlet/display?format=html&id=360","records_html\360.html","true","false"
"361","xml","https://nisee.berkeley.edu/spd/servlet/display?format=xml&id=361","records_xml\361.xml","true","false"
"361","html","https://nisee.berkeley.edu/spd/servlet/display?format=html&id=361","records_html\361.html","true","false"
"362","xml","https://nisee.berkeley.edu/spd/servlet/display?format=xml&id=362","records_xml\362.xml","true","false"
"362","html","https://nisee.berkeley.edu/spd/servlet/display?format=html&id=362","records_html\362.html","true","false"
"363","xml","https://nisee.berkeley.edu/spd/servlet/display?format=xml&id=363","records_xml\363.xml","true","false"
"363","html","https://nisee.berkeley.edu/spd/servlet/display?format=html&id=363","records_html\363.html","true","false"
"364","xml","https://nisee.berkeley.edu/spd/servlet/display?format=xml&id=364","records_xml\364.xml","true","false"
"364","html","https://nisee.berkeley.edu/spd/servlet/display?format=html&id=364","records_html\364.html","true","false"
"365","xml","https://nisee.berkeley.edu/spd/servlet/display?format=xml&id=365","records_xml\365.xml","true","false"
"365","html","https://nisee.berkeley.edu/spd/servlet/display?format=html&id=365","records_html\365.html","true","false"
"366","xml","https://nisee.berkeley.edu/spd/servlet/display?format=xml&id=366","records_xml\366.xml","true","false"
"366","html","https://nisee.berkeley.edu/spd/servlet/display?format=html&id=366","records_html\366.html","true","false"
"367","xml","https://nisee.berkeley.edu/spd/servlet/display?format=xml&id=367","records_xml\367.xml","true","false"
"367","html","https://nisee.berkeley.edu/spd/servlet/display?format=html&id=367","records_html\367.html","true","false"
"368","xml","https://nisee.berkeley.edu/spd/servlet/display?format=xml&id=368","records_xml\368.xml","true","false"
"368","html","https://nisee.berkeley.edu/spd/servlet/display?format=html&id=368","records_html\368.html","true","false"
"369","xml","https://nisee.berkeley.edu/spd/servlet/display?format=xml&id=369","records_xml\369.xml","true","false"
"369","html","https://nisee.berkeley.edu/spd/servlet/display?format=html&id=369","records_html\369.html","true","false"
"370","xml","https://nisee.berkeley.edu/spd/servlet/display?format=xml&id=370","records_xml\370.xml","true","false"
"370","html","https://nisee.berkeley.edu/spd/servlet/display?format=html&id=370","records_html\370.html","true","false"
"371","xml","https://nisee.berkeley.edu/spd/servlet/display?format=xml&id=371","records_xml\371.xml","true","false"
"371","html","https://nisee.berkeley.edu/spd/servlet/display?format=html&id=371","records_html\371.html","true","false"
"372","xml","https://nisee.berkeley.edu/spd/servlet/display?format=xml&id=372","records_xml\372.xml","true","false"
"372","html","https://nisee.berkeley.edu/spd/servlet/display?format=html&id=372","records_html\372.html","true","false"
"373","xml","https://nisee.berkeley.edu/spd/servlet/display?format=xml&id=373","records_xml\373.xml","true","false"
"373","html","https://nisee.berkeley.edu/spd/servlet/display?format=html&id=373","records_html\373.html","true","false"
"374","xml","https://nisee.berkeley.edu/spd/servlet/display?format=xml&id=374","records_xml\374.xml","true","false"
"374","html","https://nisee.berkeley.edu/spd/servlet/display?format=html&id=374","records_html\374.html","true","false"
"375","xml","https://nisee.berkeley.edu/spd/servlet/display?format=xml&id=375","records_xml\375.xml","true","false"
"375","html","https://nisee.berkeley.edu/spd/servlet/display?format=html&id=375","records_html\375.html","true","false"
"376","xml","https://nisee.berkeley.edu/spd/servlet/display?format=xml&id=376","records_xml\376.xml","true","false"
"376","html","https://nisee.berkeley.edu/spd/servlet/display?format=html&id=376","records_html\376.html","true","false"
"377","xml","https://nisee.berkeley.edu/spd/servlet/display?format=xml&id=377","records_xml\377.xml","true","false"
"377","html","https://nisee.berkeley.edu/spd/servlet/display?format=html&id=377","records_html\377.html","true","false"
"378","xml","https://nisee.berkeley.edu/spd/servlet/display?format=xml&id=378","records_xml\378.xml","true","false"
"378","html","https://nisee.berkeley.edu/spd/servlet/display?format=html&id=378","records_html\378.html","true","false"
"379","xml","https://nisee.berkeley.edu/spd/servlet/display?format=xml&id=379","records_xml\379.xml","true","false"
"379","html","https://nisee.berkeley.edu/spd/servlet/display?format=html&id=379","records_html\379.html","true","false"
"380","xml","https://nisee.berkeley.edu/spd/servlet/display?format=xml&id=380","records_xml\380.xml","true","false"
"380","html","https://nisee.berkeley.edu/spd/servlet/display?format=html&id=380","records_html\380.html","true","false"
"381","xml","https://nisee.berkeley.edu/spd/servlet/display?format=xml&id=381","records_xml\381.xml","true","false"
"381","html","https://nisee.berkeley.edu/spd/servlet/display?format=html&id=381","records_html\381.html","true","false"
"382","xml","https://nisee.berkeley.edu/spd/servlet/display?format=xml&id=382","records_xml\382.xml","true","false"
"382","html","https://nisee.berkeley.edu/spd/servlet/display?format=html&id=382","records_html\382.html","true","false"
"383","xml","https://nisee.berkeley.edu/spd/servlet/display?format=xml&id=383","records_xml\383.xml","true","false"
"383","html","https://nisee.berkeley.edu/spd/servlet/display?format=html&id=383","records_html\383.html","true","false"
"384","xml","https://nisee.berkeley.edu/spd/servlet/display?format=xml&id=384","records_xml\384.xml","true","false"
"384","html","https://nisee.berkeley.edu/spd/servlet/display?format=html&id=384","records_html\384.html","true","false"
"385","xml","https://nisee.berkeley.edu/spd/servlet/display?format=xml&id=385","records_xml\385.xml","true","false"
"385","html","https://nisee.berkeley.edu/spd/servlet/display?format=html&id=385","records_html\385.html","true","false"
"386","xml","https://nisee.berkeley.edu/spd/servlet/display?format=xml&id=386","records_xml\386.xml","true","false"
"386","html","https://nisee.berkeley.edu/spd/servlet/display?format=html&id=386","records_html\386.html","true","false"
"387","xml","https://nisee.berkeley.edu/spd/servlet/display?format=xml&id=387","records_xml\387.xml","true","false"
"387","html","https://nisee.berkeley.edu/spd/servlet/display?format=html&id=387","records_html\387.html","true","false"
"388","xml","https://nisee.berkeley.edu/spd/servlet/display?format=xml&id=388","records_xml\388.xml","true","false"
"388","html","https://nisee.berkeley.edu/spd/servlet/display?format=html&id=388","records_html\388.html","true","false"
"389","xml","https://nisee.berkeley.edu/spd/servlet/display?format=xml&id=389","records_xml\389.xml","true","false"
"389","html","https://nisee.berkeley.edu/spd/servlet/display?format=html&id=389","records_html\389.html","true","false"
"390","xml","https://nisee.berkeley.edu/spd/servlet/display?format=xml&id=390","records_xml\390.xml","true","false"
"390","html","https://nisee.berkeley.edu/spd/servlet/display?format=html&id=390","records_html\390.html","true","false"
"391","xml","https://nisee.berkeley.edu/spd/servlet/display?format=xml&id=391","records_xml\391.xml","true","false"
"391","html","https://nisee.berkeley.edu/spd/servlet/display?format=html&id=391","records_html\391.html","true","false"
"392","xml","https://nisee.berkeley.edu/spd/servlet/display?format=xml&id=392","records_xml\392.xml","true","false"
"392","html","https://nisee.berkeley.edu/spd/servlet/display?format=html&id=392","records_html\392.html","true","false"
"393","xml","https://nisee.berkeley.edu/spd/servlet/display?format=xml&id=393","records_xml\393.xml","true","false"
"393","html","https://nisee.berkeley.edu/spd/servlet/display?format=html&id=393","records_html\393.html","true","false"
"394","xml","https://nisee.berkeley.edu/spd/servlet/display?format=xml&id=394","records_xml\394.xml","true","false"
"394","html","https://nisee.berkeley.edu/spd/servlet/display?format=html&id=394","records_html\394.html","true","false"
"395","xml","https://nisee.berkeley.edu/spd/servlet/display?format=xml&id=395","records_xml\395.xml","true","false"
"395","html","https://nisee.berkeley.edu/spd/servlet/display?format=html&id=395","records_html\395.html","true","false"
"396","xml","https://nisee.berkeley.edu/spd/servlet/display?format=xml&id=396","records_xml\396.xml","true","false"
"396","html","https://nisee.berkeley.edu/spd/servlet/display?format=html&id=396","records_html\396.html","true","false"
"397","xml","https://nisee.berkeley.edu/spd/servlet/display?format=xml&id=397","records_xml\397.xml","true","false"
"397","html","https://nisee.berkeley.edu/spd/servlet/display?format=html&id=397","records_html\397.html","true","false"
"398","xml","https://nisee.berkeley.edu/spd/servlet/display?format=xml&id=398","records_xml\398.xml","true","false"
"398","html","https://nisee.berkeley.edu/spd/servlet/display?format=html&id=398","records_html\398.html","true","false"
"399","xml","https://nisee.berkeley.edu/spd/servlet/display?format=xml&id=399","records_xml\399.xml","true","false"
"399","html","https://nisee.berkeley.edu/spd/servlet/display?format=html&id=399","records_html\399.html","true","false"
"400","xml","https://nisee.berkeley.edu/spd/servlet/display?format=xml&id=400","records_xml\400.xml","true","false"
"400","html","https://nisee.berkeley.edu/spd/servlet/display?format=html&id=400","records_html\400.html","true","false"
"401","xml","https://nisee.berkeley.edu/spd/servlet/display?format=xml&id=401","records_xml\401.xml","true","false"
"401","html","https://nisee.berkeley.edu/spd/servlet/display?format=html&id=401","records_html\401.html","true","false"
"402","xml","https://nisee.berkeley.edu/spd/servlet/display?format=xml&id=402","records_xml\402.xml","true","false"
"402","html","https://nisee.berkeley.edu/spd/servlet/display?format=html&id=402","records_html\402.html","true","false"
"403","xml","https://nisee.berkeley.edu/spd/servlet/display?format=xml&id=403","records_xml\403.xml","true","false"
"403","html","https://nisee.berkeley.edu/spd/servlet/display?format=html&id=403","records_html\403.html","true","false"
"404","xml","https://nisee.berkeley.edu/spd/servlet/display?format=xml&id=404","records_xml\404.xml","true","false"
"404","html","https://nisee.berkeley.edu/spd/servlet/display?format=html&id=404","records_html\404.html","true","false"
"405","xml","https://nisee.berkeley.edu/spd/servlet/display?format=xml&id=405","records_xml\405.xml","true","false"
"405","html","https://nisee.berkeley.edu/spd/servlet/display?format=html&id=405","records_html\405.html","true","false"
"406","xml","https://nisee.berkeley.edu/spd/servlet/display?format=xml&id=406","records_xml\406.xml","true","false"
"406","html","https://nisee.berkeley.edu/spd/servlet/display?format=html&id=406","records_html\406.html","true","false"
"407","xml","https://nisee.berkeley.edu/spd/servlet/display?format=xml&id=407","records_xml\407.xml","true","false"
"407","html","https://nisee.berkeley.edu/spd/servlet/display?format=html&id=407","records_html\407.html","true","false"
"408","xml","https://nisee.berkeley.edu/spd/servlet/display?format=xml&id=408","records_xml\408.xml","true","false"
"408","html","https://nisee.berkeley.edu/spd/servlet/display?format=html&id=408","records_html\408.html","true","false"
"409","xml","https://nisee.berkeley.edu/spd/servlet/display?format=xml&id=409","records_xml\409.xml","true","false"
"409","html","https://nisee.berkeley.edu/spd/servlet/display?format=html&id=409","records_html\409.html","true","false"
"410","xml","https://nisee.berkeley.edu/spd/servlet/display?format=xml&id=410","records_xml\410.xml","true","false"
"410","html","https://nisee.berkeley.edu/spd/servlet/display?format=html&id=410","records_html\410.html","true","false"
"411","xml","https://nisee.berkeley.edu/spd/servlet/display?format=xml&id=411","records_xml\411.xml","true","false"
"411","html","https://nisee.berkeley.edu/spd/servlet/display?format=html&id=411","records_html\411.html","true","false"
"412","xml","https://nisee.berkeley.edu/spd/servlet/display?format=xml&id=412","records_xml\412.xml","true","false"
"412","html","https://nisee.berkeley.edu/spd/servlet/display?format=html&id=412","records_html\412.html","true","false"
"413","xml","https://nisee.berkeley.edu/spd/servlet/display?format=xml&id=413","records_xml\413.xml","true","false"
"413","html","https://nisee.berkeley.edu/spd/servlet/display?format=html&id=413","records_html\413.html","true","false"
"414","xml","https://nisee.berkeley.edu/spd/servlet/display?format=xml&id=414","records_xml\414.xml","true","false"
"414","html","https://nisee.berkeley.edu/spd/servlet/display?format=html&id=414","records_html\414.html","true","false"
"415","xml","https://nisee.berkeley.edu/spd/servlet/display?format=xml&id=415","records_xml\415.xml","true","false"
"415","html","https://nisee.berkeley.edu/spd/servlet/display?format=html&id=415","records_html\415.html","true","false"
"416","xml","https://nisee.berkeley.edu/spd/servlet/display?format=xml&id=416","records_xml\416.xml","true","false"
"416","html","https://nisee.berkeley.edu/spd/servlet/display?format=html&id=416","records_html\416.html","true","false"
