"id","type","description","url"
"1","data","Force Displacement Data","http://depts.washington.edu/columdat/rectcol/txfiles/gill79s1.txt"
"2","data","Force Displacement Data","http://depts.washington.edu/columdat/rectcol/txfiles/gill79s2.txt"
"3","data","Force Displacement Data","http://depts.washington.edu/columdat/rectcol/txfiles/gill79s3.txt"
"4","data","Force Displacement Data","http://depts.washington.edu/columdat/rectcol/txfiles/gill79s4.txt"
"5","data","Force Displacement Data","http://depts.washington.edu/columdat/rectcol/txfiles/ang81u3.txt"
"6","data","Force Displacement Data","http://depts.washington.edu/columdat/rectcol/txfiles/ang81u4.txt"
"7","data","Force Displacement Data","http://depts.washington.edu/columdat/rectcol/txfiles/soes86u1.txt"
"8","data","Force Displacement Data","http://depts.washington.edu/columdat/rectcol/txfiles/soes86u2.txt"
"9","data","Force Displacement Data","http://depts.washington.edu/columdat/rectcol/txfiles/soes86u3.txt"
"10","data","Force Displacement Data","http://depts.washington.edu/columdat/rectcol/txfiles/soes86u4.txt"
"11","data","Force Displacement Data","http://depts.washington.edu/columdat/rectcol/txfiles/zahn86u7.txt"
"12","data","Force Displacement Data","http://depts.washington.edu/columdat/rectcol/txfiles/zahn86u8.txt"
"13","data","Force Displacement Data","http://depts.washington.edu/columdat/rectcol/txfiles/wat89u5.txt"
"14","data","Force Displacement Data","http://depts.washington.edu/columdat/rectcol/txfiles/wat89u6.txt"
"15","data","Force Displacement Data","http://depts.washington.edu/columdat/rectcol/txfiles/wat89u7.txt"
"16","data","Force Displacement Data","http://depts.washington.edu/columdat/rectcol/txfiles/wat89u8.txt"
"17","data","Force Displacement Data","http://depts.washington.edu/columdat/rectcol/txfiles/wat89u9.txt"
"18","data","Force Displacement Data","http://depts.washington.edu/columdat/rectcol/txfiles/tana90u1.txt"
"19","data","Force Displacement Data","http://depts.washington.edu/columdat/rectcol/txfiles/tana90u2.txt"
"20","data","Force Displacement Data","http://depts.washington.edu/columdat/rectcol/txfiles/tana90u3.txt"
"21","data","Force Displacement Data","http://depts.washington.edu/columdat/rectcol/txfiles/tana90u4.txt"
"22","data","Force Displacement Data","http://depts.washington.edu/columdat/rectcol/txfiles/tana90u5.txt"
"23","data","Force Displacement Data","http://depts.washington.edu/columdat/rectcol/txfiles/tana90u6.txt"
"24","data","Force Displacement Data","http://depts.washington.edu/columdat/rectcol/txfiles/tana90u7.txt"
"25","data","Force Displacement Data","http://depts.washington.edu/columdat/rectcol/txfiles/tana90u8.txt"
"26","data","Force Displacement Data","http://depts.washington.edu/columdat/rectcol/txfiles/tana90u9.txt"
"27","data","Force Displacement Data","http://depts.washington.edu/columdat/rectcol/txfiles/ara82102.txt"
"28","data","Force Displacement Data","http://depts.washington.edu/columdat/rectcol/txfiles/nag1063.txt"
"29","data","Force Displacement Data","http://depts.washington.edu/columdat/rectcol/txfiles/nag1932.txt"
"30","data","Force Displacement Data","http://depts.washington.edu/columdat/rectcol/txfiles/ohno84l1.txt"
"31","data","Force Displacement Data","http://depts.washington.edu/columdat/rectcol/txfiles/ohno84l2.txt"
"32","data","Force Displacement Data","http://depts.washington.edu/columdat/rectcol/txfiles/ohno84l3.txt"
"33","data","Force Displacement Data","http://depts.washington.edu/columdat/rectcol/txfiles/oh2d16rs.txt"
"34","data","Force Displacement Data","http://depts.washington.edu/columdat/rectcol/txfiles/oh4d13rs.txt"
"35","data","Force Displacement Data","http://depts.washington.edu/columdat/rectcol/txfiles/zho806.txt"
"36","data","Force Displacement Data","http://depts.washington.edu/columdat/rectcol/txfiles/zho1007.txt"
"37","data","Force Displacement Data","http://depts.washington.edu/columdat/rectcol/txfiles/zho1309.txt"
"38","data","Force Displacement Data","http://depts.washington.edu/columdat/rectcol/txfiles/imai86.txt"
"39","data","Force Displacement Data","http://depts.washington.edu/columdat/rectcol/txfiles/zho10408.txt"
"40","data","Force Displacement Data","http://depts.washington.edu/columdat/rectcol/txfiles/zho11408.txt"
"41","data","Force Displacement Data","http://depts.washington.edu/columdat/rectcol/txfiles/zho12408.txt"
"42","data","Force Displacement Data","http://depts.washington.edu/columdat/rectcol/txfiles/zho20408.txt"
"43","data","Force Displacement Data","http://depts.washington.edu/columdat/rectcol/txfiles/zho21408.txt"
"44","data","Force Displacement Data","http://depts.washington.edu/columdat/rectcol/txfiles/zho22309.txt"
"45","data","Force Displacement Data","http://depts.washington.edu/columdat/rectcol/txfiles/zho30207.txt"
"46","data","Force Displacement Data","http://depts.washington.edu/columdat/rectcol/txfiles/zho31207.txt"
"47","data","Force Displacement Data","http://depts.washington.edu/columdat/rectcol/txfiles/zho32207.txt"
"48","data","Force Displacement Data","http://depts.washington.edu/columdat/rectcol/txfiles/kanstc1.txt"
"49","data","Force Displacement Data","http://depts.washington.edu/columdat/rectcol/txfiles/kanstc2.txt"
"50","data","Force Displacement Data","http://depts.washington.edu/columdat/rectcol/txfiles/kanstc3.txt"
"51","data","Force Displacement Data","http://depts.washington.edu/columdat/rectcol/txfiles/kanpdc1.txt"
"52","data","Force Displacement Data","http://depts.washington.edu/columdat/rectcol/txfiles/kanpdc2.txt"
"53","data","Force Displacement Data","http://depts.washington.edu/columdat/rectcol/txfiles/kanpdc3.txt"
"54","data","Force Displacement Data","http://depts.washington.edu/columdat/rectcol/txfiles/ara89oa2.txt"
"55","data","Force Displacement Data","http://depts.washington.edu/columdat/rectcol/txfiles/ara89oa5.txt"
"56","data","Force Displacement Data","http://depts.washington.edu/columdat/rectcol/txfiles/mug89al1.txt"
"57","data","Force Displacement Data","http://depts.washington.edu/columdat/rectcol/txfiles/mug89ah1.txt"
"58","data","Force Displacement Data","http://depts.washington.edu/columdat/rectcol/txfiles/mug89al2.txt"
"59","data","Force Displacement Data","http://depts.washington.edu/columdat/rectcol/txfiles/mug89ah2.txt"
"60","data","Force Displacement Data","http://depts.washington.edu/columdat/rectcol/txfiles/mug89bl1.txt"
"61","data","Force Displacement Data","http://depts.washington.edu/columdat/rectcol/txfiles/mug89bh1.txt"
"62","data","Force Displacement Data","http://depts.washington.edu/columdat/rectcol/txfiles/mug89bl2.txt"
"63","data","Force Displacement Data","http://depts.washington.edu/columdat/rectcol/txfiles/mug89bh2.txt"
"64","data","Force Displacement Data","http://depts.washington.edu/columdat/rectcol/txfiles/ono025c.txt"
"65","data","Force Displacement Data","http://depts.washington.edu/columdat/rectcol/txfiles/ono060c.txt"
"66","data","Force Displacement Data","http://depts.washington.edu/columdat/rectcol/txfiles/sak90b1.txt"
"67","data","Force Displacement Data","http://depts.washington.edu/columdat/rectcol/txfiles/sak90b2.txt"
"68","data","Force Displacement Data","http://depts.washington.edu/columdat/rectcol/txfiles/sak90b3.txt"
"69","data","Force Displacement Data","http://depts.washington.edu/columdat/rectcol/txfiles/sak90b4.txt"
"70","data","Force Displacement Data","http://depts.washington.edu/columdat/rectcol/txfiles/sak90b5.txt"
"71","data","Force Displacement Data","http://depts.washington.edu/columdat/rectcol/txfiles/sak90b6.txt"
"72","data","Force Displacement Data","http://depts.washington.edu/columdat/rectcol/txfiles/sak90b7.txt"
"73","data","Force Displacement Data","http://depts.washington.edu/columdat/rectcol/txfiles/amcb060c.txt"
"74","data","Force Displacement Data","http://depts.washington.edu/columdat/rectcol/txfiles/ws033ae.txt"
"75","data","Force Displacement Data","http://depts.washington.edu/columdat/rectcol/txfiles/ws033aw.txt"
"76","data","Force Displacement Data","http://depts.washington.edu/columdat/rectcol/txfiles/ws048e.txt"
"77","data","Force Displacement Data","http://depts.washington.edu/columdat/rectcol/txfiles/ws048w.txt"
"78","data","Force Displacement Data","http://depts.washington.edu/columdat/rectcol/txfiles/ws033e.txt"
"79","data","Force Displacement Data","http://depts.washington.edu/columdat/rectcol/txfiles/ws033w.txt"
"80","data","Force Displacement Data","http://depts.washington.edu/columdat/rectcol/txfiles/ws25033e.txt"
"81","data","Force Displacement Data","http://depts.washington.edu/columdat/rectcol/txfiles/ws25033w.txt"
"82","data","Force Displacement Data","http://depts.washington.edu/columdat/rectcol/txfiles/ws067e.txt"
"83","data","Force Displacement Data","http://depts.washington.edu/columdat/rectcol/txfiles/ws067w.txt"
"84","data","Force Displacement Data","http://depts.washington.edu/columdat/rectcol/txfiles/ws147e.txt"
"85","data","Force Displacement Data","http://depts.washington.edu/columdat/rectcol/txfiles/ws147w.txt"
"86","data","Force Displacement Data","http://depts.washington.edu/columdat/rectcol/txfiles/ws092e.txt"
"87","data","Force Displacement Data","http://depts.washington.edu/columdat/rectcol/txfiles/ws092w.txt"
"88","data","Force Displacement Data","http://depts.washington.edu/columdat/rectcol/txfiles/at75n1s1.txt"
"89","data","Force Displacement Data","http://depts.washington.edu/columdat/rectcol/txfiles/at75n2s1.txt"
"90","data","Force Displacement Data","http://depts.washington.edu/columdat/rectcol/txfiles/at75n3s1.txt"
"91","data","Force Displacement Data","http://depts.washington.edu/columdat/rectcol/txfiles/at75n4s1.txt"
"92","data","Force Displacement Data","http://depts.washington.edu/columdat/rectcol/txfiles/at75n5s1.txt"
"93","data","Force Displacement Data","http://depts.washington.edu/columdat/rectcol/txfiles/at75n6s1.txt"
"94","data","Force Displacement Data","http://depts.washington.edu/columdat/rectcol/txfiles/at75n9.txt"
"95","data","Force Displacement Data","http://depts.washington.edu/columdat/rectcol/txfiles/at75n10.txt"
"96","data","Force Displacement Data","http://depts.washington.edu/columdat/rectcol/txfiles/at75n11.txt"
"97","data","Force Displacement Data","http://depts.washington.edu/columdat/rectcol/txfiles/at75n12.txt"
"98","data","Force Displacement Data","http://depts.washington.edu/columdat/rectcol/txfiles/umecus.txt"
"99","data","Force Displacement Data","http://depts.washington.edu/columdat/rectcol/txfiles/umecuw.txt"
"100","data","Force Displacement Data","http://depts.washington.edu/columdat/rectcol/txfiles/ume2cus.txt"
"101","data","Force Displacement Data","http://depts.washington.edu/columdat/rectcol/txfiles/bettno11.txt"
"102","data","Force Displacement Data","http://depts.washington.edu/columdat/rectcol/txfiles/azi88nc2.txt"
"103","data","Force Displacement Data","http://depts.washington.edu/columdat/rectcol/txfiles/azi88nc4.txt"
"104","data","Force Displacement Data","http://depts.washington.edu/columdat/rectcol/txfiles/saatu1.txt"
"105","data","Force Displacement Data","http://depts.washington.edu/columdat/rectcol/txfiles/saatu3.txt"
"106","data","Force Displacement Data","http://depts.washington.edu/columdat/rectcol/txfiles/saatu4.txt"
"107","data","Force Displacement Data","http://depts.washington.edu/columdat/rectcol/txfiles/saatu6.txt"
"108","data","Force Displacement Data","http://depts.washington.edu/columdat/rectcol/txfiles/saatu7.txt"
"109","data","Force Displacement Data","http://depts.washington.edu/columdat/rectcol/txfiles/gal96aa1.txt"
"110","data","Force Displacement Data","http://depts.washington.edu/columdat/rectcol/txfiles/gal96aa2.txt"
"111","data","Force Displacement Data","http://depts.washington.edu/columdat/rectcol/txfiles/gal96aa3.txt"
"112","data","Force Displacement Data","http://depts.washington.edu/columdat/rectcol/txfiles/gal96aa4.txt"
"113","data","Force Displacement Data","http://depts.washington.edu/columdat/rectcol/txfiles/gal96ba1.txt"
"114","data","Force Displacement Data","http://depts.washington.edu/columdat/rectcol/txfiles/gal96ba2.txt"
"115","data","Force Displacement Data","http://depts.washington.edu/columdat/rectcol/txfiles/gal96ba3.txt"
"116","data","Force Displacement Data","http://depts.washington.edu/columdat/rectcol/txfiles/gal96ba4.txt"
"117","data","Force Displacement Data","http://depts.washington.edu/columdat/rectcol/txfiles/gal96ca1.txt"
"118","data","Force Displacement Data","http://depts.washington.edu/columdat/rectcol/txfiles/gal96ca2.txt"
"119","data","Force Displacement Data","http://depts.washington.edu/columdat/rectcol/txfiles/gal96ca3.txt"
"120","data","Force Displacement Data","http://depts.washington.edu/columdat/rectcol/txfiles/gal96ca4.txt"
"121","data","Force Displacement Data","http://depts.washington.edu/columdat/rectcol/txfiles/gal96ab1.txt"
"122","data","Force Displacement Data","http://depts.washington.edu/columdat/rectcol/txfiles/gal96ab2.txt"
"123","data","Force Displacement Data","http://depts.washington.edu/columdat/rectcol/txfiles/gal96ab3.txt"
"124","data","Force Displacement Data","http://depts.washington.edu/columdat/rectcol/txfiles/gal96ab4.txt"
"125","data","Force Displacement Data","http://depts.washington.edu/columdat/rectcol/txfiles/gal96bb1.txt"
"126","data","Force Displacement Data","http://depts.washington.edu/columdat/rectcol/txfiles/gal96bb2.txt"
"127","data","Force Displacement Data","http://depts.washington.edu/columdat/rectcol/txfiles/gal96bb4.txt"
"128","data","Force Displacement Data","http://depts.washington.edu/columdat/rectcol/txfiles/gal96bb4b.txt"
"129","data","Force Displacement Data","http://depts.washington.edu/columdat/rectcol/txfiles/gal96cb1.txt"
"130","data","Force Displacement Data","http://depts.washington.edu/columdat/rectcol/txfiles/gal96cb2.txt"
"131","data","Force Displacement Data","http://depts.washington.edu/columdat/rectcol/txfiles/gal96cb3.txt"
"132","data","Force Displacement Data","http://depts.washington.edu/columdat/rectcol/txfiles/gal96cb4.txt"
"133","data","Force Displacement Data","http://depts.washington.edu/columdat/rectcol/txfiles/wehb98a1.txt"
"134","data","Force Displacement Data","http://depts.washington.edu/columdat/rectcol/txfiles/wehb98a2.txt"
"135","data","Force Displacement Data","http://depts.washington.edu/columdat/rectcol/txfiles/wehb98b1.txt"
"136","data","Force Displacement Data","http://depts.washington.edu/columdat/rectcol/txfiles/wehb98b2.txt"
"137","data","Force Displacement Data","http://depts.washington.edu/columdat/rectcol/txfiles/ly3clh18.txt"
"138","data","Force Displacement Data","http://depts.washington.edu/columdat/rectcol/txfiles/ly2clh18.txt"
"139","data","Force Displacement Data","http://depts.washington.edu/columdat/rectcol/txfiles/ly2cmh18.txt"
"140","data","Force Displacement Data","http://depts.washington.edu/columdat/rectcol/txfiles/ly3cmh18.txt"
"141","data","Force Displacement Data","http://depts.washington.edu/columdat/rectcol/txfiles/ly3cmd12.txt"
"142","data","Force Displacement Data","http://depts.washington.edu/columdat/rectcol/txfiles/ly3slh18.txt"
"143","data","Force Displacement Data","http://depts.washington.edu/columdat/rectcol/txfiles/ly2slh18.txt"
"144","data","Force Displacement Data","http://depts.washington.edu/columdat/rectcol/txfiles/ly3smd12.txt"
"145","data","Force Displacement Data","http://depts.washington.edu/columdat/rectcol/txfiles/x8191010.txt"
"146","data","Force Displacement Data","http://depts.washington.edu/columdat/rectcol/txfiles/x8191020.txt"
"147","data","Force Displacement Data","http://depts.washington.edu/columdat/rectcol/txfiles/x8161010.txt"
"148","data","Force Displacement Data","http://depts.washington.edu/columdat/rectcol/txfiles/x8161020.txt"
"149","data","Force Displacement Data","http://depts.washington.edu/columdat/rectcol/txfiles/x816610.txt"
"150","data","Force Displacement Data","http://depts.washington.edu/columdat/rectcol/txfiles/x816620.txt"
"151","data","Force Displacement Data","http://depts.washington.edu/columdat/rectcol/txfiles/suguc10h.txt"
"152","data","Force Displacement Data","http://depts.washington.edu/columdat/rectcol/txfiles/suguc15h.txt"
"153","data","Force Displacement Data","http://depts.washington.edu/columdat/rectcol/txfiles/suguc20h.txt"
"154","data","Force Displacement Data","http://depts.washington.edu/columdat/rectcol/txfiles/suguc15l.txt"
"155","data","Force Displacement Data","http://depts.washington.edu/columdat/rectcol/txfiles/suguc20l.txt"
"156","data","Force Displacement Data","http://depts.washington.edu/columdat/rectcol/txfiles/nosh96n1.txt"
"157","data","Force Displacement Data","http://depts.washington.edu/columdat/rectcol/txfiles/shkes1ht.txt"
"158","data","Force Displacement Data","http://depts.washington.edu/columdat/rectcol/txfiles/shkas2ht.txt"
"159","data","Force Displacement Data","http://depts.washington.edu/columdat/rectcol/txfiles/shkas3ht.txt"
"160","data","Force Displacement Data","http://depts.washington.edu/columdat/rectcol/txfiles/shkas4ht.txt"
"161","data","Force Displacement Data","http://depts.washington.edu/columdat/rectcol/txfiles/shkas5ht.txt"
"162","data","Force Displacement Data","http://depts.washington.edu/columdat/rectcol/txfiles/shkas6ht.txt"
"163","data","Force Displacement Data","http://depts.washington.edu/columdat/rectcol/txfiles/shkas7ht.txt"
"164","data","Force Displacement Data","http://depts.washington.edu/columdat/rectcol/txfiles/shkes8ht.txt"
"165","data","Force Displacement Data","http://depts.washington.edu/columdat/rectcol/txfiles/saatbg1.txt"
"166","data","Force Displacement Data","http://depts.washington.edu/columdat/rectcol/txfiles/saatbg2.txt"
"167","data","Force Displacement Data","http://depts.washington.edu/columdat/rectcol/txfiles/saatbg3.txt"
"168","data","Force Displacement Data","http://depts.washington.edu/columdat/rectcol/txfiles/saatbg4.txt"
"169","data","Force Displacement Data","http://depts.washington.edu/columdat/rectcol/txfiles/saatbg5.txt"
"170","data","Force Displacement Data","http://depts.washington.edu/columdat/rectcol/txfiles/saatbg6.txt"
"171","data","Force Displacement Data","http://depts.washington.edu/columdat/rectcol/txfiles/saatbg7.txt"
"172","data","Force Displacement Data","http://depts.washington.edu/columdat/rectcol/txfiles/saatbg8.txt"
"173","data","Force Displacement Data","http://depts.washington.edu/columdat/rectcol/txfiles/saatbg9.txt"
"174","data","Force Displacement Data","http://depts.washington.edu/columdat/rectcol/txfiles/saatbg10.txt"
"175","data","Force Displacement Data","http://depts.washington.edu/columdat/rectcol/txfiles/mat1005n.txt"
"176","data","Force Displacement Data","http://depts.washington.edu/columdat/rectcol/txfiles/mat1005s.txt"
"177","data","Force Displacement Data","http://depts.washington.edu/columdat/rectcol/txfiles/mat1010n.txt"
"178","data","Force Displacement Data","http://depts.washington.edu/columdat/rectcol/txfiles/mat1010s.txt"
"179","data","Force Displacement Data","http://depts.washington.edu/columdat/rectcol/txfiles/mat1020n.txt"
"180","data","Force Displacement Data","http://depts.washington.edu/columdat/rectcol/txfiles/mat1020s.txt"
"181","data","Force Displacement Data","http://depts.washington.edu/columdat/rectcol/txfiles/mat500n.txt"
"182","data","Force Displacement Data","http://depts.washington.edu/columdat/rectcol/txfiles/mat500s.txt"
"183","data","Force Displacement Data","http://depts.washington.edu/columdat/rectcol/txfiles/mat520n.txt"
"184","data","Force Displacement Data","http://depts.washington.edu/columdat/rectcol/txfiles/mat520s.txt"
"185","data","Force Displacement Data","http://depts.washington.edu/columdat/rectcol/txfiles/mat540n.txt"
"186","data","Force Displacement Data","http://depts.washington.edu/columdat/rectcol/txfiles/mat540s.txt"
"187","data","Force Displacement Data","http://depts.washington.edu/columdat/rectcol/txfiles/moc11.txt"
"188","data","Force Displacement Data","http://depts.washington.edu/columdat/rectcol/txfiles/moc12.txt"
"189","data","Force Displacement Data","http://depts.washington.edu/columdat/rectcol/txfiles/moc13.txt"
"190","data","Force Displacement Data","http://depts.washington.edu/columdat/rectcol/txfiles/moc21.txt"
"191","data","Force Displacement Data","http://depts.washington.edu/columdat/rectcol/txfiles/moc22.txt"
"192","data","Force Displacement Data","http://depts.washington.edu/columdat/rectcol/txfiles/moc23.txt"
"193","data","Force Displacement Data","http://depts.washington.edu/columdat/rectcol/txfiles/moc31.txt"
"194","data","Force Displacement Data","http://depts.washington.edu/columdat/rectcol/txfiles/moc32.txt"
"195","data","Force Displacement Data","http://depts.washington.edu/columdat/rectcol/txfiles/moc33.txt"
"196","data","Force Displacement Data","http://depts.washington.edu/columdat/rectcol/txfiles/abouorc1.txt"
"197","data","Force Displacement Data","http://depts.washington.edu/columdat/rectcol/txfiles/abouorc2.txt"
"198","data","Force Displacement Data","http://depts.washington.edu/columdat/rectcol/txfiles/abouorc3.txt"
"199","data","Force Displacement Data","http://depts.washington.edu/columdat/rectcol/txfiles/abousc3.txt"
"200","data","Force Displacement Data","http://depts.washington.edu/columdat/rectcol/txfiles/abousc9.txt"
"201","data","Force Displacement Data","http://depts.washington.edu/columdat/rectcol/txfiles/thom94a1.txt"
"202","data","Force Displacement Data","http://depts.washington.edu/columdat/rectcol/txfiles/thom94a3.txt"
"203","data","Force Displacement Data","http://depts.washington.edu/columdat/rectcol/txfiles/thom94b1.txt"
"204","data","Force Displacement Data","http://depts.washington.edu/columdat/rectcol/txfiles/thom94b2.txt"
"205","data","Force Displacement Data","http://depts.washington.edu/columdat/rectcol/txfiles/thom94b3.txt"
"206","data","Force Displacement Data","http://depts.washington.edu/columdat/rectcol/txfiles/thom94c1.txt"
"207","data","Force Displacement Data","http://depts.washington.edu/columdat/rectcol/txfiles/thom94c2.txt"
"208","data","Force Displacement Data","http://depts.washington.edu/columdat/rectcol/txfiles/thom94c3.txt"
"209","data","Force Displacement Data","http://depts.washington.edu/columdat/rectcol/txfiles/thom94d1.txt"
"210","data","Force Displacement Data","http://depts.washington.edu/columdat/rectcol/txfiles/thom94d2.txt"
"211","data","Force Displacement Data","http://depts.washington.edu/columdat/rectcol/txfiles/thom94d3.txt"
"212","data","Force Displacement Data","http://depts.washington.edu/columdat/rectcol/txfiles/sezen1.txt"
"213","data","Force Displacement Data","http://depts.washington.edu/columdat/rectcol/txfiles/sezen2.txt"
"214","data","Force Displacement Data","http://depts.washington.edu/columdat/rectcol/txfiles/sezen4.txt"
"215","data","Force Displacement Data","http://depts.washington.edu/columdat/rectcol/txfiles/1006015.txt"
"216","data","Force Displacement Data","http://depts.washington.edu/columdat/rectcol/txfiles/1006025.txt"
"217","data","Force Displacement Data","http://depts.washington.edu/columdat/rectcol/txfiles/1006040.txt"
"218","data","Force Displacement Data","http://depts.washington.edu/columdat/rectcol/txfiles/10013015.txt"
"219","data","Force Displacement Data","http://depts.washington.edu/columdat/rectcol/txfiles/10013025.txt"
"220","data","Force Displacement Data","http://depts.washington.edu/columdat/rectcol/txfiles/10013040.txt"
"221","data","Force Displacement Data","http://depts.washington.edu/columdat/rectcol/txfiles/806040.txt"
"222","data","Force Displacement Data","http://depts.washington.edu/columdat/rectcol/txfiles/1206040.txt"
"223","data","Force Displacement Data","http://depts.washington.edu/columdat/rectcol/txfiles/1005540.txt"
"224","data","Force Displacement Data","http://depts.washington.edu/columdat/rectcol/txfiles/1008040.txt"
"225","data","Force Displacement Data","http://depts.washington.edu/columdat/rectcol/txfiles/1005552.txt"
"226","data","Force Displacement Data","http://depts.washington.edu/columdat/rectcol/txfiles/1006052.txt"
"227","data","Force Displacement Data","http://depts.washington.edu/columdat/rectcol/txfiles/Pujol_10-2-3N.txt"
"228","data","Force Displacement Data","http://depts.washington.edu/columdat/rectcol/txfiles/Pujol_10-2-3S.txt"
"229","data","Force Displacement Data","http://depts.washington.edu/columdat/rectcol/txfiles/Pujol_10-3-1.5N.txt"
"230","data","Force Displacement Data","http://depts.washington.edu/columdat/rectcol/txfiles/Pujol_10-3-1.5S.txt"
"231","data","Force Displacement Data","http://depts.washington.edu/columdat/rectcol/txfiles/Pujol_10-3-3N.txt"
"232","data","Force Displacement Data","http://depts.washington.edu/columdat/rectcol/txfiles/Pujol_10-3-3S.txt"
"233","data","Force Displacement Data","http://depts.washington.edu/columdat/rectcol/txfiles/Pujol_10-3-2N.txt"
"234","data","Force Displacement Data","http://depts.washington.edu/columdat/rectcol/txfiles/Pujol_10-3-2S.txt"
"237","data","Force Displacement Data","http://depts.washington.edu/columdat/rectcol/txfiles/Pujol_20-3-3N.txt"
"238","data","Force Displacement Data","http://depts.washington.edu/columdat/rectcol/txfiles/Pujol_20-3-3S.txt"
"239","data","Force Displacement Data","http://depts.washington.edu/columdat/rectcol/txfiles/Pujol_10-2-2N.txt"
"240","data","Force Displacement Data","http://depts.washington.edu/columdat/rectcol/txfiles/Pujol_10-2-2S.txt"
"241","data","Force Displacement Data","http://depts.washington.edu/columdat/rectcol/txfiles/Pujol_10-1-2N.txt"
"242","data","Force Displacement Data","http://depts.washington.edu/columdat/rectcol/txfiles/Pujol_10-1-2S.txt"
"243","data","Force Displacement Data","http://depts.washington.edu/columdat/rectcol/txfiles/Bechtoula_Kono_D1N30.txt"
"244","data","Force Displacement Data","http://depts.washington.edu/columdat/rectcol/txfiles/Bechtoula_Kono_D1N60.txt"
"245","data","Force Displacement Data","http://depts.washington.edu/columdat/rectcol/txfiles/Bechtoula_Kono_L1D60.txt"
"246","data","Force Displacement Data","http://depts.washington.edu/columdat/rectcol/txfiles/Bechtoula_Kono_L1N60.txt"
"247","data","Force Displacement Data","http://depts.washington.edu/columdat/rectcol/txfiles/Bechtoula_Kono_L1N6B.txt"
"248","data","Force Displacement Data","http://depts.washington.edu/columdat/rectcol/txfiles/Takemura_Kawashima1.txt"
"248","website","Kawashima Earthquake Engineering Laboratory","http://seismic.cv.titech.ac.jp/index.html"
"249","data","Force Displacement Data","http://depts.washington.edu/columdat/rectcol/txfiles/Takemura_Kawashima2.txt"
"249","website","Kawashima Earthquake Engineering Laboratory","http://seismic.cv.titech.ac.jp/index.html"
"250","data","Force Displacement Data","http://depts.washington.edu/columdat/rectcol/txfiles/Takemura_Kawashima3.txt"
"250","website","Kawashima Earthquake Engineering Laboratory","http://seismic.cv.titech.ac.jp/index.html"
"251","data","Force Displacement Data","http://depts.washington.edu/columdat/rectcol/txfiles/Takemura_Kawashima4.txt"
"251","website","Kawashima Earthquake Engineering Laboratory","http://seismic.cv.titech.ac.jp/index.html"
"252","data","Force Displacement Data","http://depts.washington.edu/columdat/rectcol/txfiles/Takemura_Kawashima5.txt"
"252","website","Kawashima Earthquake Engineering Laboratory","http://seismic.cv.titech.ac.jp/index.html"
"253","data","Force Displacement Data","http://depts.washington.edu/columdat/rectcol/txfiles/Takemura_Kawashima6.txt"
"253","website","Kawashima Earthquake Engineering Laboratory","http://seismic.cv.titech.ac.jp/index.html"
"254","graph","Force-Displacement Hysteresis","http://depts.washington.edu/columdat/circol/images/dav75u1.jpeg"
"254","data","Force Displacement Data","http://depts.washington.edu/columdat/circol/txfiles/dav75u1.txt"
"255","graph","Force-Displacement Hysteresis","http://depts.washington.edu/columdat/circol/images/dav75u2.jpeg"
"255","data","Force Displacement Data","http://depts.washington.edu/columdat/circol/txfiles/dav75u2.txt"
"256","graph","Force-Displacement Hysteresis","http://depts.washington.edu/columdat/circol/images/dav75u3.jpeg"
"256","data","Force Displacement Data","http://depts.washington.edu/columdat/circol/txfiles/dav75u3.txt"
"257","graph","Force-Displacement Hysteresis","http://depts.washington.edu/columdat/circol/images/mun76n1.jpeg"
"257","data","Force Displacement Data","http://depts.washington.edu/columdat/circol/txfiles/mun76n1.txt"
"258","graph","Force-Displacement Hysteresis","http://depts.washington.edu/columdat/circol/images/ng78no2.jpeg"
"258","data","Force Displacement Data","http://depts.washington.edu/columdat/circol/txfiles/ng78no2.txt"
"259","graph","Force-Displacement Hysteresis","http://depts.washington.edu/columdat/circol/images/ng78no3.jpeg"
"259","data","Force Displacement Data","http://depts.washington.edu/columdat/circol/txfiles/ng78no3.txt"
"260","graph","Force-Displacement Hysteresis","http://depts.washington.edu/columdat/circol/images/ang81u1.jpeg"
"260","data","Force Displacement Data","http://depts.washington.edu/columdat/circol/txfiles/ang81u1.txt"
"261","graph","Force-Displacement Hysteresis","http://depts.washington.edu/columdat/circol/images/ang81u2.jpeg"
"261","data","Force Displacement Data","http://depts.washington.edu/columdat/circol/txfiles/ang81u2.txt"
"262","graph","Force-Displacement Hysteresis","http://depts.washington.edu/columdat/circol/images/pot79n1.jpeg"
"262","data","Force Displacement Data","http://depts.washington.edu/columdat/circol/txfiles/pot79n1.txt"
"263","graph","Force-Displacement Hysteresis","http://depts.washington.edu/columdat/circol/images/pot79n3.jpeg"
"263","data","Force Displacement Data","http://depts.washington.edu/columdat/circol/txfiles/pot79n3.txt"
"264","graph","Force-Displacement Hysteresis","http://depts.washington.edu/columdat/circol/images/pot79n4.jpeg"
"264","data","Force Displacement Data","http://depts.washington.edu/columdat/circol/txfiles/pot79n4.txt"
"265","graph","Force-Displacement Hysteresis","http://depts.washington.edu/columdat/circol/images/pot79n5a.jpeg"
"265","data","Force Displacement Data","http://depts.washington.edu/columdat/circol/txfiles/pot79n5a.txt"
"266","graph","Force-Displacement Hysteresis","http://depts.washington.edu/columdat/circol/images/pot79n5b.jpeg"
"266","data","Force Displacement Data","http://depts.washington.edu/columdat/circol/txfiles/pot79n5b.txt"
"267","graph","Force-Displacement Hysteresis","http://depts.washington.edu/columdat/circol/images/ang85u1.jpeg"
"267","data","Force Displacement Data","http://depts.washington.edu/columdat/circol/txfiles/ang85u1.txt"
"268","graph","Force-Displacement Hysteresis","http://depts.washington.edu/columdat/circol/images/ang85u2.jpeg"
"268","data","Force Displacement Data","http://depts.washington.edu/columdat/circol/txfiles/ang85u2.txt"
"269","graph","Force-Displacement Hysteresis","http://depts.washington.edu/columdat/circol/images/ang85u3.jpeg"
"269","data","Force Displacement Data","http://depts.washington.edu/columdat/circol/txfiles/ang85u3.txt"
"270","graph","Force-Displacement Hysteresis","http://depts.washington.edu/columdat/circol/images/ang85u4.jpeg"
"270","data","Force Displacement Data","http://depts.washington.edu/columdat/circol/txfiles/ang85u4.txt"
"271","graph","Force-Displacement Hysteresis","http://depts.washington.edu/columdat/circol/images/ang85u5.jpeg"
"271","data","Force Displacement Data","http://depts.washington.edu/columdat/circol/txfiles/ang85u5.txt"
"272","graph","Force-Displacement Hysteresis","http://depts.washington.edu/columdat/circol/images/ang85u6.jpeg"
"272","data","Force Displacement Data","http://depts.washington.edu/columdat/circol/txfiles/ang85u6.txt"
"273","graph","Force-Displacement Hysteresis","http://depts.washington.edu/columdat/circol/images/ang85u7.jpeg"
"273","data","Force Displacement Data","http://depts.washington.edu/columdat/circol/txfiles/ang85u7.txt"
"274","graph","Force-Displacement Hysteresis","http://depts.washington.edu/columdat/circol/images/ang85u8.jpeg"
"274","data","Force Displacement Data","http://depts.washington.edu/columdat/circol/txfiles/ang85u8.txt"
"275","graph","Force-Displacement Hysteresis","http://depts.washington.edu/columdat/circol/images/ang85u9.jpeg"
"275","data","Force Displacement Data","http://depts.washington.edu/columdat/circol/txfiles/ang85u9.txt"
"276","graph","Force-Displacement Hysteresis","http://depts.washington.edu/columdat/circol/images/ang85u10.jpeg"
"276","data","Force Displacement Data","http://depts.washington.edu/columdat/circol/txfiles/ang85u10.txt"
"277","graph","Force-Displacement Hysteresis","http://depts.washington.edu/columdat/circol/images/ang85u11.jpeg"
"277","data","Force Displacement Data","http://depts.washington.edu/columdat/circol/txfiles/ang85u11.txt"
"278","graph","Force-Displacement Hysteresis","http://depts.washington.edu/columdat/circol/images/ang85u12.jpeg"
"278","data","Force Displacement Data","http://depts.washington.edu/columdat/circol/txfiles/ang85u12.txt"
"279","graph","Force-Displacement Hysteresis","http://depts.washington.edu/columdat/circol/images/ang85u13.jpeg"
"279","data","Force Displacement Data","http://depts.washington.edu/columdat/circol/txfiles/ang85u13.txt"
"280","graph","Force-Displacement Hysteresis","http://depts.washington.edu/columdat/circol/images/ang85u14.jpeg"
"280","data","Force Displacement Data","http://depts.washington.edu/columdat/circol/txfiles/ang85u14.txt"
"281","graph","Force-Displacement Hysteresis","http://depts.washington.edu/columdat/circol/images/ang85u15.jpeg"
"281","data","Force Displacement Data","http://depts.washington.edu/columdat/circol/txfiles/ang85u15.txt"
"282","graph","Force-Displacement Hysteresis","http://depts.washington.edu/columdat/circol/images/ang85u16.jpeg"
"282","data","Force Displacement Data","http://depts.washington.edu/columdat/circol/txfiles/ang85u16.txt"
"283","graph","Force-Displacement Hysteresis","http://depts.washington.edu/columdat/circol/images/ang85u17.jpeg"
"283","data","Force Displacement Data","http://depts.washington.edu/columdat/circol/txfiles/ang85u17.txt"
"284","graph","Force-Displacement Hysteresis","http://depts.washington.edu/columdat/circol/images/ang85u18.jpeg"
"284","data","Force Displacement Data","http://depts.washington.edu/columdat/circol/txfiles/ang85u18.txt"
"285","graph","Force-Displacement Hysteresis","http://depts.washington.edu/columdat/circol/images/ang85u19.jpeg"
"285","data","Force Displacement Data","http://depts.washington.edu/columdat/circol/txfiles/ang85u19.txt"
"286","graph","Force-Displacement Hysteresis","http://depts.washington.edu/columdat/circol/images/ang85u20.jpeg"
"286","data","Force Displacement Data","http://depts.washington.edu/columdat/circol/txfiles/ang85u20.txt"
"287","graph","Force-Displacement Hysteresis","http://depts.washington.edu/columdat/circol/images/ang85u21.jpeg"
"287","data","Force Displacement Data","http://depts.washington.edu/columdat/circol/txfiles/ang85u21.txt"
"288","graph","Force-Displacement Hysteresis","http://depts.washington.edu/columdat/circol/images/ang85u22.jpeg"
"288","data","Force Displacement Data","http://depts.washington.edu/columdat/circol/txfiles/ang85u22.txt"
"289","graph","Force-Displacement Hysteresis","http://depts.washington.edu/columdat/circol/images/ang85u23.jpeg"
"289","data","Force Displacement Data","http://depts.washington.edu/columdat/circol/txfiles/ang85u23.txt"
"290","graph","Force-Displacement Hysteresis","http://depts.washington.edu/columdat/circol/images/ang85u24.jpeg"
"290","data","Force Displacement Data","http://depts.washington.edu/columdat/circol/txfiles/ang85u24.txt"
"291","graph","Force-Displacement Hysteresis","http://depts.washington.edu/columdat/circol/images/ang85u25.jpeg"
"291","data","Force Displacement Data","http://depts.washington.edu/columdat/circol/txfiles/ang85u25.txt"
"292","graph","Force-Displacement Hysteresis","http://depts.washington.edu/columdat/circol/images/zahn86u5.jpeg"
"292","data","Force Displacement Data","http://depts.washington.edu/columdat/circol/txfiles/zahn86u5.txt"
"293","graph","Force-Displacement Hysteresis","http://depts.washington.edu/columdat/circol/images/zahn86u6.jpeg"
"293","data","Force Displacement Data","http://depts.washington.edu/columdat/circol/txfiles/zahn86u6.txt"
"294","graph","Force-Displacement Hysteresis","http://depts.washington.edu/columdat/circol/images/wat89u10.jpeg"
"294","data","Force Displacement Data","http://depts.washington.edu/columdat/circol/txfiles/wat89u10.txt"
"295","graph","Force-Displacement Hysteresis","http://depts.washington.edu/columdat/circol/images/wat89u11.jpeg"
"295","data","Force Displacement Data","http://depts.washington.edu/columdat/circol/txfiles/wat89u11.txt"
"296","graph","Force-Displacement Hysteresis","http://depts.washington.edu/columdat/circol/images/wong90u1.jpeg"
"296","data","Force Displacement Data","http://depts.washington.edu/columdat/circol/txfiles/wong90u1.txt"
"297","graph","Force-Displacement Hysteresis","http://depts.washington.edu/columdat/circol/images/wong90u2.jpeg"
"297","data","Force Displacement Data","http://depts.washington.edu/columdat/circol/txfiles/wong90u2.txt"
"298","graph","Force-Displacement Hysteresis","http://depts.washington.edu/columdat/circol/images/wong90u3.jpeg"
"298","data","Force Displacement Data","http://depts.washington.edu/columdat/circol/txfiles/wong90u3.txt"
"299","graph","Force-Displacement Hysteresis","http://depts.washington.edu/columdat/circol/images/petm1e1.jpeg"
"299","data","Force Displacement Data","http://depts.washington.edu/columdat/circol/txfiles/petm1e1.txt"
"300","graph","Force-Displacement Hysteresis","http://depts.washington.edu/columdat/circol/images/petm1e2.jpeg"
"300","data","Force Displacement Data","http://depts.washington.edu/columdat/circol/txfiles/petm1e2.txt"
"301","graph","Force-Displacement Hysteresis","http://depts.washington.edu/columdat/circol/images/petm2e1.jpeg"
"301","data","Force Displacement Data","http://depts.washington.edu/columdat/circol/txfiles/petm2e1.txt"
"302","graph","Force-Displacement Hysteresis","http://depts.washington.edu/columdat/circol/images/petm2e2.jpeg"
"302","data","Force Displacement Data","http://depts.washington.edu/columdat/circol/txfiles/petm2e2.txt"
"303","graph","Force-Displacement Hysteresis","http://depts.washington.edu/columdat/circol/images/mc90con1.jpeg"
"303","data","Force Displacement Data","http://depts.washington.edu/columdat/circol/txfiles/mc90con1.txt"
"304","graph","Force-Displacement Hysteresis","http://depts.washington.edu/columdat/circol/images/mc90con2.jpeg"
"304","data","Force Displacement Data","http://depts.washington.edu/columdat/circol/txfiles/mc90con2.txt"
"305","graph","Force-Displacement Hysteresis","http://depts.washington.edu/columdat/circol/images/mc90con3.jpeg"
"305","data","Force Displacement Data","http://depts.washington.edu/columdat/circol/txfiles/mc90con3.txt"
"306","graph","Force-Displacement Hysteresis","http://depts.washington.edu/columdat/circol/images/flexfs.jpeg"
"306","data","Force Displacement Data","http://depts.washington.edu/columdat/circol/txfiles/flexfs.txt"
"307","graph","Force-Displacement Hysteresis","http://depts.washington.edu/columdat/circol/images/shearfs.jpeg"
"307","data","Force Displacement Data","http://depts.washington.edu/columdat/circol/txfiles/shearfs.txt"
"308","graph","Force-Displacement Hysteresis","http://depts.washington.edu/columdat/circol/images/modeln1.jpeg"
"308","data","Force Displacement Data","http://depts.washington.edu/columdat/circol/txfiles/modeln1.txt"
"309","graph","Force-Displacement Hysteresis","http://depts.washington.edu/columdat/circol/images/modeln2.jpeg"
"309","data","Force Displacement Data","http://depts.washington.edu/columdat/circol/txfiles/modeln2.txt"
"310","graph","Force-Displacement Hysteresis","http://depts.washington.edu/columdat/circol/images/modeln3.jpeg"
"310","data","Force Displacement Data","http://depts.washington.edu/columdat/circol/txfiles/modeln3.txt"
"311","graph","Force-Displacement Hysteresis","http://depts.washington.edu/columdat/circol/images/modeln4.jpeg"
"311","data","Force Displacement Data","http://depts.washington.edu/columdat/circol/txfiles/modeln4.txt"
"312","graph","Force-Displacement Hysteresis","http://depts.washington.edu/columdat/circol/images/modeln5.jpeg"
"312","data","Force Displacement Data","http://depts.washington.edu/columdat/circol/txfiles/modeln5.txt"
"313","graph","Force-Displacement Hysteresis","http://depts.washington.edu/columdat/circol/images/modeln6.jpeg"
"313","data","Force Displacement Data","http://depts.washington.edu/columdat/circol/txfiles/modeln6.txt"
"314","graph","Force-Displacement Hysteresis","http://depts.washington.edu/columdat/circol/images/j2spbaa1.jpeg"
"314","data","Force Displacement Data","http://depts.washington.edu/columdat/circol/txfiles/j2spbaa1.txt"
"315","graph","Force-Displacement Hysteresis","http://depts.washington.edu/columdat/circol/images/j3ws21bs.jpeg"
"315","data","Force Displacement Data","http://depts.washington.edu/columdat/circol/txfiles/j3ws21bs.txt"
"316","graph","Force-Displacement Hysteresis","http://depts.washington.edu/columdat/circol/images/j3ws22bs.jpeg"
"316","data","Force Displacement Data","http://depts.washington.edu/columdat/circol/txfiles/j3ws22bs.txt"
"317","graph","Force-Displacement Hysteresis","http://depts.washington.edu/columdat/circol/images/j3ws25bs.jpeg"
"317","data","Force Displacement Data","http://depts.washington.edu/columdat/circol/txfiles/j3ws25bs.txt"
"318","graph","Force-Displacement Hysteresis","http://depts.washington.edu/columdat/circol/images/j3ws26bs.jpeg"
"318","data","Force Displacement Data","http://depts.washington.edu/columdat/circol/txfiles/j3ws26bs.txt"
"319","graph","Force-Displacement Hysteresis","http://depts.washington.edu/columdat/circol/images/j3ws27bs.jpeg"
"319","data","Force Displacement Data","http://depts.washington.edu/columdat/circol/txfiles/j3ws27bs.txt"
"320","graph","Force-Displacement Hysteresis","http://depts.washington.edu/columdat/circol/images/arak1.jpeg"
"320","data","Force Displacement Data","http://depts.washington.edu/columdat/circol/txfiles/arak1.txt"
"321","graph","Force-Displacement Hysteresis","http://depts.washington.edu/columdat/circol/images/arak2.jpeg"
"321","data","Force Displacement Data","http://depts.washington.edu/columdat/circol/txfiles/arak2.txt"
"322","graph","Force-Displacement Hysteresis","http://depts.washington.edu/columdat/circol/images/arak3.jpeg"
"322","data","Force Displacement Data","http://depts.washington.edu/columdat/circol/txfiles/arak3.txt"
"323","graph","Force-Displacement Hysteresis","http://depts.washington.edu/columdat/circol/images/arak4.jpeg"
"323","data","Force Displacement Data","http://depts.washington.edu/columdat/circol/txfiles/arak4.txt"
"324","graph","Force-Displacement Hysteresis","http://depts.washington.edu/columdat/circol/images/arak6.jpeg"
"324","data","Force Displacement Data","http://depts.washington.edu/columdat/circol/txfiles/arak6.txt"
"325","graph","Force-Displacement Hysteresis","http://depts.washington.edu/columdat/circol/images/arak8.jpeg"
"325","data","Force Displacement Data","http://depts.washington.edu/columdat/circol/txfiles/arak8.txt"
"326","graph","Force-Displacement Hysteresis","http://depts.washington.edu/columdat/circol/images/arak9.jpeg"
"326","data","Force Displacement Data","http://depts.washington.edu/columdat/circol/txfiles/arak9.txt"
"327","graph","Force-Displacement Hysteresis","http://depts.washington.edu/columdat/circol/images/arak10.jpeg"
"327","data","Force Displacement Data","http://depts.washington.edu/columdat/circol/txfiles/arak10.txt"
"328","graph","Force-Displacement Hysteresis","http://depts.washington.edu/columdat/circol/images/arak11.jpeg"
"328","data","Force Displacement Data","http://depts.washington.edu/columdat/circol/txfiles/arak11.txt"
"329","graph","Force-Displacement Hysteresis","http://depts.washington.edu/columdat/circol/images/arak12.jpeg"
"329","data","Force Displacement Data","http://depts.washington.edu/columdat/circol/txfiles/arak12.txt"
"330","graph","Force-Displacement Hysteresis","http://depts.washington.edu/columdat/circol/images/arak13.jpeg"
"330","data","Force Displacement Data","http://depts.washington.edu/columdat/circol/txfiles/arak13.txt"
"331","graph","Force-Displacement Hysteresis","http://depts.washington.edu/columdat/circol/images/arak14.jpeg"
"331","data","Force Displacement Data","http://depts.washington.edu/columdat/circol/txfiles/arak14.txt"
"332","graph","Force-Displacement Hysteresis","http://depts.washington.edu/columdat/circol/images/arak15.jpeg"
"332","data","Force Displacement Data","http://depts.washington.edu/columdat/circol/txfiles/arak15.txt"
"333","graph","Force-Displacement Hysteresis","http://depts.washington.edu/columdat/circol/images/arak16.jpeg"
"333","data","Force Displacement Data","http://depts.washington.edu/columdat/circol/txfiles/arak16.txt"
"334","graph","Force-Displacement Hysteresis","http://depts.washington.edu/columdat/circol/images/arak17.jpeg"
"334","data","Force Displacement Data","http://depts.washington.edu/columdat/circol/txfiles/arak17.txt"
"335","graph","Force-Displacement Hysteresis","http://depts.washington.edu/columdat/circol/images/arak18.jpeg"
"335","data","Force Displacement Data","http://depts.washington.edu/columdat/circol/txfiles/arak18.txt"
"336","graph","Force-Displacement Hysteresis","http://depts.washington.edu/columdat/circol/images/arak19.jpeg"
"336","data","Force Displacement Data","http://depts.washington.edu/columdat/circol/txfiles/arak19.txt"
"337","graph","Force-Displacement Hysteresis","http://depts.washington.edu/columdat/circol/images/arak20.jpeg"
"337","data","Force Displacement Data","http://depts.washington.edu/columdat/circol/txfiles/arak20.txt"
"338","graph","Force-Displacement Hysteresis","http://depts.washington.edu/columdat/circol/images/arak21.jpeg"
"338","data","Force Displacement Data","http://depts.washington.edu/columdat/circol/txfiles/arak21.txt"
"339","graph","Force-Displacement Hysteresis","http://depts.washington.edu/columdat/circol/images/arak22.jpeg"
"339","data","Force Displacement Data","http://depts.washington.edu/columdat/circol/txfiles/arak22.txt"
"340","graph","Force-Displacement Hysteresis","http://depts.washington.edu/columdat/circol/images/arak23.jpeg"
"340","data","Force Displacement Data","http://depts.washington.edu/columdat/circol/txfiles/arak23.txt"
"341","graph","Force-Displacement Hysteresis","http://depts.washington.edu/columdat/circol/images/arak24.jpeg"
"341","data","Force Displacement Data","http://depts.washington.edu/columdat/circol/txfiles/arak24.txt"
"342","graph","Force-Displacement Hysteresis","http://depts.washington.edu/columdat/circol/images/arak25.jpeg"
"342","data","Force Displacement Data","http://depts.washington.edu/columdat/circol/txfiles/arak25.txt"
"343","graph","Force-Displacement Hysteresis","http://depts.washington.edu/columdat/circol/images/arak26.jpeg"
"343","data","Force Displacement Data","http://depts.washington.edu/columdat/circol/txfiles/arak26.txt"
"344","graph","Force-Displacement Hysteresis","http://depts.washington.edu/columdat/circol/images/arak27.jpeg"
"344","data","Force Displacement Data","http://depts.washington.edu/columdat/circol/txfiles/arak27.txt"
"345","graph","Force-Displacement Hysteresis","http://depts.washington.edu/columdat/circol/images/arak28.jpeg"
"345","data","Force Displacement Data","http://depts.washington.edu/columdat/circol/txfiles/arak28.txt"
"346","graph","Force-Displacement Hysteresis","http://depts.washington.edu/columdat/circol/images/kun97a2.jpeg"
"346","data","Force Displacement Data","http://depts.washington.edu/columdat/circol/txfiles/kun97a2.txt"
"347","graph","Force-Displacement Hysteresis","http://depts.washington.edu/columdat/circol/images/kun97a3.jpeg"
"347","data","Force Displacement Data","http://depts.washington.edu/columdat/circol/txfiles/kun97a3.txt"
"348","graph","Force-Displacement Hysteresis","http://depts.washington.edu/columdat/circol/images/kun97a4.jpeg"
"348","data","Force Displacement Data","http://depts.washington.edu/columdat/circol/txfiles/kun97a4.txt"
"349","graph","Force-Displacement Hysteresis","http://depts.washington.edu/columdat/circol/images/kun97a5.jpeg"
"349","data","Force Displacement Data","http://depts.washington.edu/columdat/circol/txfiles/kun97a5.txt"
"350","graph","Force-Displacement Hysteresis","http://depts.washington.edu/columdat/circol/images/kun97a6.jpeg"
"350","data","Force Displacement Data","http://depts.washington.edu/columdat/circol/txfiles/kun97a6.txt"
"351","graph","Force-Displacement Hysteresis","http://depts.washington.edu/columdat/circol/images/kun97a7.jpeg"
"351","data","Force Displacement Data","http://depts.washington.edu/columdat/circol/txfiles/kun97a7.txt"
"352","graph","Force-Displacement Hysteresis","http://depts.washington.edu/columdat/circol/images/kun97a8.jpeg"
"352","data","Force Displacement Data","http://depts.washington.edu/columdat/circol/txfiles/kun97a8.txt"
"353","graph","Force-Displacement Hysteresis","http://depts.washington.edu/columdat/circol/images/kun97a9.jpeg"
"353","data","Force Displacement Data","http://depts.washington.edu/columdat/circol/txfiles/kun97a9.txt"
"354","graph","Force-Displacement Hysteresis","http://depts.washington.edu/columdat/circol/images/kun97a10.jpeg"
"354","data","Force Displacement Data","http://depts.washington.edu/columdat/circol/txfiles/kun97a10.txt"
"355","graph","Force-Displacement Hysteresis","http://depts.washington.edu/columdat/circol/images/kun97a11.jpeg"
"355","data","Force Displacement Data","http://depts.washington.edu/columdat/circol/txfiles/kun97a11.txt"
"356","graph","Force-Displacement Hysteresis","http://depts.washington.edu/columdat/circol/images/kun97a12.jpeg"
"356","data","Force Displacement Data","http://depts.washington.edu/columdat/circol/txfiles/kun97a12.txt"
"357","graph","Force-Displacement Hysteresis","http://depts.washington.edu/columdat/circol/images/benz94u1.jpeg"
"357","data","Force Displacement Data","http://depts.washington.edu/columdat/circol/txfiles/benz94u1.txt"
"358","graph","Force-Displacement Hysteresis","http://depts.washington.edu/columdat/circol/images/benz94u2.jpeg"
"358","data","Force Displacement Data","http://depts.washington.edu/columdat/circol/txfiles/benz94u2.txt"
"359","graph","Force-Displacement Hysteresis","http://depts.washington.edu/columdat/circol/images/hos97h1.jpeg"
"359","data","Force Displacement Data","http://depts.washington.edu/columdat/circol/txfiles/hos97h1.txt"
"360","graph","Force-Displacement Hysteresis","http://depts.washington.edu/columdat/circol/images/vu98nh1.jpeg"
"360","data","Force Displacement Data","http://depts.washington.edu/columdat/circol/txfiles/vu98nh1.txt"
"361","graph","Force-Displacement Hysteresis","http://depts.washington.edu/columdat/circol/images/vu98nh2.jpeg"
"361","data","Force Displacement Data","http://depts.washington.edu/columdat/circol/txfiles/vu98nh2.txt"
"362","graph","Force-Displacement Hysteresis","http://depts.washington.edu/columdat/circol/images/vu98nh3.jpeg"
"362","data","Force Displacement Data","http://depts.washington.edu/columdat/circol/txfiles/vu98nh3.txt"
"363","graph","Force-Displacement Hysteresis","http://depts.washington.edu/columdat/circol/images/vu98nh4.jpeg"
"363","data","Force Displacement Data","http://depts.washington.edu/columdat/circol/txfiles/vu98nh4.txt"
"364","graph","Force-Displacement Hysteresis","http://depts.washington.edu/columdat/circol/images/vu98nh5.jpeg"
"364","data","Force Displacement Data","http://depts.washington.edu/columdat/circol/txfiles/vu98nh5.txt"
"365","graph","Force-Displacement Hysteresis","http://depts.washington.edu/columdat/circol/images/vu98nh6.jpeg"
"365","data","Force Displacement Data","http://depts.washington.edu/columdat/circol/txfiles/vu98nh6.txt"
"366","graph","Force-Displacement Hysteresis","http://depts.washington.edu/columdat/circol/images/kowal96fl1.jpeg"
"366","data","Force Displacement Data","http://depts.washington.edu/columdat/circol/txfiles/kow96fl1.txt"
"367","graph","Force-Displacement Hysteresis","http://depts.washington.edu/columdat/circol/images/kowal96fl2.jpeg"
"367","data","Force Displacement Data","http://depts.washington.edu/columdat/circol/txfiles/kow96fl2.txt"
"368","graph","Force-Displacement Hysteresis","http://depts.washington.edu/columdat/circol/images/kowal96fl3.jpeg"
"368","data","Force Displacement Data","http://depts.washington.edu/columdat/circol/txfiles/kow96fl3.txt"
"369","graph","Force-Displacement Hysteresis","http://depts.washington.edu/columdat/circol/images/leh415.jpeg"
"369","data","Force Displacement Data","http://depts.washington.edu/columdat/circol/txfiles/leh415.txt"
"369","report","PEER-1998/01","http://peer.berkeley.edu/publications/peer_reports/reports_1998/9801.pdf"
"369","photo","Column 415 Final Damage State","http://peer.berkeley.edu/spdata/lehman_moehle_1998/fig3_18.jpg"
"370","graph","Force-Displacement Hysteresis","http://depts.washington.edu/columdat/circol/images/leh815.jpeg"
"370","data","Force Displacement Data","http://depts.washington.edu/columdat/circol/txfiles/leh815.txt"
"370","report","PEER-1998/01","http://peer.berkeley.edu/publications/peer_reports/reports_1998/9801.pdf"
"370","photo","Column 815 Crack Pattern at 3.5-Inch Displacement","http://peer.berkeley.edu/spdata/lehman_moehle_1998/fig3_26.jpg"
"370","photo","Column 815 Damaged Region After Testing","http://peer.berkeley.edu/spdata/lehman_moehle_1998/fig3_32.jpg"
"370","photo","Actuators Used for Testing Column 815 and 1015","http://peer.berkeley.edu/spdata/lehman_moehle_1998/figb_7.jpg"
"371","graph","Force-Displacement Hysteresis","http://depts.washington.edu/columdat/circol/images/leh1015.jpeg"
"371","data","Force Displacement Data","http://depts.washington.edu/columdat/circol/txfiles/leh1015.txt"
"371","report","PEER-1998/01","http://peer.berkeley.edu/publications/peer_reports/reports_1998/9801.pdf"
"371","photo","Actuators Used for Testing Column 815 and 1015","http://peer.berkeley.edu/spdata/lehman_moehle_1998/figb_7.jpg"
"371","photo","Column 1015 Spalled Region at 25-Inch Displacement","http://peer.berkeley.edu/spdata/lehman_moehle_1998/fig3_36.jpg"
"372","graph","Force-Displacement Hysteresis","http://depts.washington.edu/columdat/circol/images/leh407.jpeg"
"372","data","Force Displacement Data","http://depts.washington.edu/columdat/circol/txfiles/leh407.txt"
"372","report","PEER-1998/01","http://peer.berkeley.edu/publications/peer_reports/reports_1998/9801.pdf"
"373","graph","Force-Displacement Hysteresis","http://depts.washington.edu/columdat/circol/images/leh430.jpeg"
"373","data","Force Displacement Data","http://depts.washington.edu/columdat/circol/txfiles/leh430.txt"
"373","report","PEER-1998/01","http://peer.berkeley.edu/publications/peer_reports/reports_1998/9801.pdf"
"373","photo","Column 430 Spalled Region","http://peer.berkeley.edu/spdata/lehman_moehle_1998/fig3_22.jpg"
"374","graph","Force-Displacement Hysteresis","http://depts.washington.edu/columdat/circol/images/leh328.jpeg"
"374","data","Force Displacement Data","http://depts.washington.edu/columdat/circol/txfiles/leh328.txt"
"374","report","PEER-2000/08","http://peer.berkeley.edu/publications/peer_reports/reports_2000/0008.pdf"
"375","graph","Force-Displacement Hysteresis","http://depts.washington.edu/columdat/circol/images/leh828.jpeg"
"375","data","Force Displacement Data","http://depts.washington.edu/columdat/circol/txfiles/leh828.txt"
"375","report","PEER-2000/08","http://peer.berkeley.edu/publications/peer_reports/reports_2000/0008.pdf"
"376","graph","Force-Displacement Hysteresis","http://depts.washington.edu/columdat/circol/images/leh1028.jpeg"
"376","data","Force Displacement Data","http://depts.washington.edu/columdat/circol/txfiles/leh1028.txt"
"376","report","PEER-2000/08","http://peer.berkeley.edu/publications/peer_reports/reports_2000/0008.pdf"
"377","graph","Force-Displacement Hysteresis","http://depts.washington.edu/columdat/circol/images/srtic1.jpeg"
"377","data","Force Displacement Data","http://depts.washington.edu/columdat/circol/txfiles/srtic1.txt"
"378","graph","Force-Displacement Hysteresis","http://depts.washington.edu/columdat/circol/images/srtic2.jpeg"
"378","data","Force Displacement Data","http://depts.washington.edu/columdat/circol/txfiles/srtic2.txt"
"379","graph","Force-Displacement Hysteresis","http://depts.washington.edu/columdat/circol/images/srtic3.jpeg"
"379","data","Force Displacement Data","http://depts.washington.edu/columdat/circol/txfiles/srtic3.txt"
"380","graph","Force-Displacement Hysteresis","http://depts.washington.edu/columdat/circol/images/saatrc1.jpeg"
"380","data","Force Displacement Data","http://depts.washington.edu/columdat/circol/txfiles/saatrc1.txt"
"381","graph","Force-Displacement Hysteresis","http://depts.washington.edu/columdat/circol/images/saatrc2.jpeg"
"381","data","Force Displacement Data","http://depts.washington.edu/columdat/circol/txfiles/saatrc2.txt"
"382","graph","Force-Displacement Hysteresis","http://depts.washington.edu/columdat/circol/images/saatrc3.jpeg"
"382","data","Force Displacement Data","http://depts.washington.edu/columdat/circol/txfiles/saatrc3.txt"
"383","graph","Force-Displacement Hysteresis","http://depts.washington.edu/columdat/circol/images/saatrc4.jpeg"
"383","data","Force Displacement Data","http://depts.washington.edu/columdat/circol/txfiles/saatrc4.txt"
"384","graph","Force-Displacement Hysteresis","http://depts.washington.edu/columdat/circol/images/saatrc6.jpeg"
"384","data","Force Displacement Data","http://depts.washington.edu/columdat/circol/txfiles/saatrc6.txt"
"385","graph","Force-Displacement Hysteresis","http://depts.washington.edu/columdat/circol/images/saatrc7.jpeg"
"385","data","Force Displacement Data","http://depts.washington.edu/columdat/circol/txfiles/saatrc7.txt"
"386","graph","Force-Displacement Hysteresis","http://depts.washington.edu/columdat/circol/images/saatrc8.jpeg"
"386","data","Force Displacement Data","http://depts.washington.edu/columdat/circol/txfiles/saatrc8.txt"
"387","graph","Force-Displacement Hysteresis","http://depts.washington.edu/columdat/circol/images/saatrc9.jpeg"
"387","data","Force Displacement Data","http://depts.washington.edu/columdat/circol/txfiles/saatrc9.txt"
"388","data","Force Displacement Data","http://depts.washington.edu/columdat/circol/txfiles/nelpric1.txt"
"388","diagram","Test Setup","http://peer.berkeley.edu/spdata/nelson_price_2000/test_setup.gif"
"389","data","Force Displacement Data","http://depts.washington.edu/columdat/circol/txfiles/nelpric2.txt"
"389","photo","Column P2 Loss of Axial Load Capacity","http://peer.berkeley.edu/spdata/nelson_price_2000/column_p2.jpg"
"389","diagram","Test Setup","http://peer.berkeley.edu/spdata/nelson_price_2000/test_setup.gif"
"390","data","Force Displacement Data","http://depts.washington.edu/columdat/circol/txfiles/nelpric3.txt"
"390","photo","Column P3 Loss of Axial Load Capacity","http://peer.berkeley.edu/spdata/nelson_price_2000/column_p3.jpg"
"390","diagram","Test Setup","http://peer.berkeley.edu/spdata/nelson_price_2000/test_setup.gif"
"391","data","Force Displacement Data","http://depts.washington.edu/columdat/circol/txfiles/nelpric4.txt"
"391","diagram","Test Setup","http://peer.berkeley.edu/spdata/nelson_price_2000/test_setup.gif"
"392","data","Force Displacement Data","http://depts.washington.edu/columdat/circol/txfiles/henr415p.txt"
"393","data","Force Displacement Data","http://depts.washington.edu/columdat/circol/txfiles/henr415s.txt"
"394","data","Force Displacement Data","http://depts.washington.edu/columdat/circol/txfiles/chait3.txt"
"395","data","Force Displacement Data","http://depts.washington.edu/columdat/circol/txfiles/sod01C1.txt"
"396","data","Force Displacement Data","http://depts.washington.edu/columdat/circol/txfiles/sod01C2.txt"
"397","data","Force Displacement Data","http://depts.washington.edu/columdat/circol/txfiles/sod01C3.txt"
"398","data","Force Displacement Data","http://depts.washington.edu/columdat/circol/txfiles/sod01C4.txt"
"399","data","Force Displacement Data","http://depts.washington.edu/columdat/circol/txfiles/graf01C5.txt"
"400","data","Force Displacement Data","http://depts.washington.edu/columdat/circol/txfiles/graf01C6.txt"
"401","data","Force Displacement Data","http://depts.washington.edu/columdat/circol/txfiles/graf01C7.txt"
"402","data","Force Displacement Data","http://depts.washington.edu/columdat/circol/txfiles/graf01C8.txt"
"403","data","Force Displacement Data","http://depts.washington.edu/columdat/circol/txfiles/kow01no1.txt"
"404","data","Force Displacement Data","http://depts.washington.edu/columdat/circol/txfiles/kow01no2.txt"
"405","data","Force Displacement Data","http://depts.washington.edu/columdat/circol/txfiles/kow01no3.txt"
"406","data","Force Displacement Data","http://depts.washington.edu/columdat/circol/txfiles/kow01no4.txt"
"407","data","Force Displacement Data","http://depts.washington.edu/columdat/circol/txfiles/coffcol1.txt"
"408","data","Force Displacement Data","http://depts.washington.edu/columdat/circol/txfiles/hamiltonuci1.txt"
"409","data","Force Displacement Data","http://depts.washington.edu/columdat/circol/txfiles/hamiltonuci2.txt"
"410","data","Force Displacement Data","http://depts.washington.edu/columdat/circol/txfiles/hamiltonuci3.txt"
"411","data","Force Displacement Data","http://depts.washington.edu/columdat/circol/txfiles/hamiltonuci4.txt"
"412","data","Force Displacement Data","http://depts.washington.edu/columdat/circol/txfiles/hamiltonuci5.txt"
"413","data","Force Displacement Data","http://depts.washington.edu/columdat/circol/txfiles/hamiltonuci6.txt"
"414","data","Force Displacement Data","http://depts.washington.edu/columdat/circol/txfiles/mcdanielS1.txt"
"415","data","Force Displacement Data","http://depts.washington.edu/columdat/circol/txfiles/mcdanielS1-2.txt"
"416","data","Force Displacement Data","http://depts.washington.edu/columdat/circol/txfiles/mcdanielS2.txt"
